-- MySQL dump 10.13  Distrib 8.0.28, for Win64 (x86_64)
--
-- Host: localhost    Database: laptopshop
-- ------------------------------------------------------
-- Server version	8.0.28

/*!40101 SET @OLD_CHARACTER_SET_CLIENT=@@CHARACTER_SET_CLIENT */;
/*!40101 SET @OLD_CHARACTER_SET_RESULTS=@@CHARACTER_SET_RESULTS */;
/*!40101 SET @OLD_COLLATION_CONNECTION=@@COLLATION_CONNECTION */;
/*!50503 SET NAMES utf8 */;
/*!40103 SET @OLD_TIME_ZONE=@@TIME_ZONE */;
/*!40103 SET TIME_ZONE='+00:00' */;
/*!40014 SET @OLD_UNIQUE_CHECKS=@@UNIQUE_CHECKS, UNIQUE_CHECKS=0 */;
/*!40014 SET @OLD_FOREIGN_KEY_CHECKS=@@FOREIGN_KEY_CHECKS, FOREIGN_KEY_CHECKS=0 */;
/*!40101 SET @OLD_SQL_MODE=@@SQL_MODE, SQL_MODE='NO_AUTO_VALUE_ON_ZERO' */;
/*!40111 SET @OLD_SQL_NOTES=@@SQL_NOTES, SQL_NOTES=0 */;

--
-- Table structure for table `categories`
--

DROP TABLE IF EXISTS `categories`;
/*!40101 SET @saved_cs_client     = @@character_set_client */;
/*!50503 SET character_set_client = utf8mb4 */;
CREATE TABLE `categories` (
  `c_id` bigint NOT NULL,
  `name` varchar(255) DEFAULT NULL,
  PRIMARY KEY (`c_id`),
  UNIQUE KEY `UKt8o6pivur7nn124jehx7cygw5` (`name`)
) ENGINE=InnoDB DEFAULT CHARSET=utf8mb4 COLLATE=utf8mb4_0900_ai_ci;
/*!40101 SET character_set_client = @saved_cs_client */;

--
-- Dumping data for table `categories`
--

LOCK TABLES `categories` WRITE;
/*!40000 ALTER TABLE `categories` DISABLE KEYS */;
INSERT INTO `categories` VALUES (8,'Điện Thoại'),(7,'Laptop'),(10,'Link Kiện'),(9,'Phụ Kiện');
/*!40000 ALTER TABLE `categories` ENABLE KEYS */;
UNLOCK TABLES;

--
-- Table structure for table `comment`
--

DROP TABLE IF EXISTS `comment`;
/*!40101 SET @saved_cs_client     = @@character_set_client */;
/*!50503 SET character_set_client = utf8mb4 */;
CREATE TABLE `comment` (
  `comment_id` bigint NOT NULL,
  `content` varchar(255) DEFAULT NULL,
  `product_p_id` bigint DEFAULT NULL,
  `user_id` bigint DEFAULT NULL,
  `comment_date` datetime(6) DEFAULT NULL,
  PRIMARY KEY (`comment_id`),
  KEY `FKry20b9hgck83bug4p9825dbf8` (`product_p_id`),
  KEY `FKqm52p1v3o13hy268he0wcngr5` (`user_id`),
  CONSTRAINT `FKqm52p1v3o13hy268he0wcngr5` FOREIGN KEY (`user_id`) REFERENCES `users` (`id`),
  CONSTRAINT `FKry20b9hgck83bug4p9825dbf8` FOREIGN KEY (`product_p_id`) REFERENCES `products` (`p_id`)
) ENGINE=InnoDB DEFAULT CHARSET=utf8mb4 COLLATE=utf8mb4_0900_ai_ci;
/*!40101 SET character_set_client = @saved_cs_client */;

--
-- Dumping data for table `comment`
--

LOCK TABLES `comment` WRITE;
/*!40000 ALTER TABLE `comment` DISABLE KEYS */;
INSERT INTO `comment` VALUES (360,'hello baby',15,6,'2022-06-15 23:13:00.271000'),(361,'kaka',15,6,'2022-06-15 23:14:10.247000'),(362,'kaka',15,6,'2022-06-15 23:14:11.981000'),(363,'kaka test key',15,6,'2022-06-15 23:18:02.352000'),(364,'kaka test key',15,6,'2022-06-15 23:18:02.424000'),(365,'ds',15,6,'2022-06-15 23:18:46.100000'),(366,'test comment date',15,6,'2022-06-16 01:13:52.635000'),(367,'xong rui con cho',15,6,'2022-06-16 01:42:53.608000'),(368,'dsada',15,6,'2022-06-16 01:45:54.243000'),(369,'dsasd',15,6,'2022-06-16 01:56:43.358000'),(370,'dsds',15,6,'2022-06-16 01:58:09.056000'),(371,'sdfsd',15,6,'2022-06-16 01:59:12.498000'),(372,'dasdas',15,6,'2022-06-16 02:00:17.484000'),(373,'asddas',15,6,'2022-06-16 02:01:52.468000'),(374,'sdadas',15,6,'2022-06-16 02:06:08.133000'),(375,'sdadas',15,6,'2022-06-16 02:06:08.142000'),(376,'dsadsadsadwqeq',15,6,'2022-06-16 02:29:21.728000'),(377,'hello',250,6,'2022-06-16 02:52:20.584000'),(406,'máy quá tốt trong tầm giá luôn',15,404,'2022-06-16 23:16:31.586000');
/*!40000 ALTER TABLE `comment` ENABLE KEYS */;
UNLOCK TABLES;

--
-- Table structure for table `comment_details`
--

DROP TABLE IF EXISTS `comment_details`;
/*!40101 SET @saved_cs_client     = @@character_set_client */;
/*!50503 SET character_set_client = utf8mb4 */;
CREATE TABLE `comment_details` (
  `c_detailsid` bigint NOT NULL,
  `content_reply` varchar(255) DEFAULT NULL,
  `comment_comment_id` bigint DEFAULT NULL,
  `user_reply_id` bigint DEFAULT NULL,
  `comment_date_reply` datetime(6) DEFAULT NULL,
  `user_id` bigint DEFAULT NULL,
  PRIMARY KEY (`c_detailsid`),
  KEY `FKojdtjc96516jlag740088hc02` (`comment_comment_id`),
  KEY `FKf6m346dqxquvp4bm3ow2twkq5` (`user_reply_id`),
  KEY `FK1xqjbqrwj4ce76qdt20ipiain` (`user_id`),
  CONSTRAINT `FK1xqjbqrwj4ce76qdt20ipiain` FOREIGN KEY (`user_id`) REFERENCES `users` (`id`),
  CONSTRAINT `FKf6m346dqxquvp4bm3ow2twkq5` FOREIGN KEY (`user_reply_id`) REFERENCES `users` (`id`),
  CONSTRAINT `FKojdtjc96516jlag740088hc02` FOREIGN KEY (`comment_comment_id`) REFERENCES `comment` (`comment_id`)
) ENGINE=InnoDB DEFAULT CHARSET=utf8mb4 COLLATE=utf8mb4_0900_ai_ci;
/*!40101 SET character_set_client = @saved_cs_client */;

--
-- Dumping data for table `comment_details`
--

LOCK TABLES `comment_details` WRITE;
/*!40000 ALTER TABLE `comment_details` DISABLE KEYS */;
INSERT INTO `comment_details` VALUES (400,'san pham nay tot khong ban',376,6,'2022-06-16 22:47:50.158000',336),(401,'san pham nay nhu nao vay ban',376,336,'2022-06-16 22:49:34.003000',266),(402,'dung cung on nha ban',376,266,'2022-06-16 22:50:14.994000',6),(403,'ban mua ve hoc thi ok nhe con choi game thi khoong duoc',376,336,'2022-06-16 22:51:35.609000',6),(405,'mình mới mua được 1 tháng thấy cũng ok lắm bạn',376,266,'2022-06-16 23:09:58.970000',404);
/*!40000 ALTER TABLE `comment_details` ENABLE KEYS */;
UNLOCK TABLES;

--
-- Table structure for table `hibernate_sequence`
--

DROP TABLE IF EXISTS `hibernate_sequence`;
/*!40101 SET @saved_cs_client     = @@character_set_client */;
/*!50503 SET character_set_client = utf8mb4 */;
CREATE TABLE `hibernate_sequence` (
  `next_val` bigint DEFAULT NULL
) ENGINE=InnoDB DEFAULT CHARSET=utf8mb4 COLLATE=utf8mb4_0900_ai_ci;
/*!40101 SET character_set_client = @saved_cs_client */;

--
-- Dumping data for table `hibernate_sequence`
--

LOCK TABLES `hibernate_sequence` WRITE;
/*!40000 ALTER TABLE `hibernate_sequence` DISABLE KEYS */;
INSERT INTO `hibernate_sequence` VALUES (407);
/*!40000 ALTER TABLE `hibernate_sequence` ENABLE KEYS */;
UNLOCK TABLES;

--
-- Table structure for table `image_products`
--

DROP TABLE IF EXISTS `image_products`;
/*!40101 SET @saved_cs_client     = @@character_set_client */;
/*!50503 SET character_set_client = utf8mb4 */;
CREATE TABLE `image_products` (
  `ip_id` bigint NOT NULL,
  `image_url` varchar(255) DEFAULT NULL,
  `product_p_id` bigint DEFAULT NULL,
  PRIMARY KEY (`ip_id`),
  KEY `FKewdgsfeprk8j6fdko4s9f9o5o` (`product_p_id`),
  CONSTRAINT `FKewdgsfeprk8j6fdko4s9f9o5o` FOREIGN KEY (`product_p_id`) REFERENCES `products` (`p_id`)
) ENGINE=InnoDB DEFAULT CHARSET=utf8mb4 COLLATE=utf8mb4_0900_ai_ci;
/*!40101 SET character_set_client = @saved_cs_client */;

--
-- Dumping data for table `image_products`
--

LOCK TABLES `image_products` WRITE;
/*!40000 ALTER TABLE `image_products` DISABLE KEYS */;
INSERT INTO `image_products` VALUES (16,'https://firebasestorage.googleapis.com/v0/b/asmjava5.appspot.com/o/products%2F59udiu0qo4b?alt=media&token=b231adaa-2929-4f30-84a1-47964cf1b57c',15),(17,'https://firebasestorage.googleapis.com/v0/b/asmjava5.appspot.com/o/products%2Fhskl7i0hw1?alt=media&token=98eeef2a-8f27-4ee5-b5c8-ff14802ad4e5',15),(18,'https://firebasestorage.googleapis.com/v0/b/asmjava5.appspot.com/o/products%2F88ayf5obvgv?alt=media&token=f41081a0-528e-472a-beca-96aabd319ff3',15),(19,'https://firebasestorage.googleapis.com/v0/b/asmjava5.appspot.com/o/products%2Fsc4pmkqvji?alt=media&token=1dc39975-cdd5-4516-9b96-d7d6e0fd3063',15),(20,'https://firebasestorage.googleapis.com/v0/b/asmjava5.appspot.com/o/products%2Fzorozv6a62d?alt=media&token=a8214c6d-45cd-4721-a7c8-5af258528404',15),(21,'https://firebasestorage.googleapis.com/v0/b/asmjava5.appspot.com/o/products%2Fu9ttsfjogt?alt=media&token=600d639f-f4a1-48ca-b08b-6dac9404742e',15),(22,'https://firebasestorage.googleapis.com/v0/b/asmjava5.appspot.com/o/products%2Fjuy7vbeff1o?alt=media&token=8ab8c634-cbbb-4331-874c-00827801e11e',15),(23,'https://firebasestorage.googleapis.com/v0/b/asmjava5.appspot.com/o/products%2Frlw8itd7ezn?alt=media&token=8626c237-83cc-4fbe-8ce8-4f7c2a34067b',15),(24,'https://firebasestorage.googleapis.com/v0/b/asmjava5.appspot.com/o/products%2Fr0ayz7hcpt?alt=media&token=01f85a3e-9a5e-4730-8167-1fe578b9f008',15),(25,'https://firebasestorage.googleapis.com/v0/b/asmjava5.appspot.com/o/products%2Fkv2clovw15c?alt=media&token=33562064-0989-4101-ba86-de957b665376',15),(26,'https://firebasestorage.googleapis.com/v0/b/asmjava5.appspot.com/o/products%2Flva98c0i50f?alt=media&token=c351ed4f-dc05-462e-b38a-ca6d0ad281a8',15),(27,'https://firebasestorage.googleapis.com/v0/b/asmjava5.appspot.com/o/products%2F96styqj8jc6?alt=media&token=b49386a9-f8fb-4f8c-8edc-459c2aadf29f',15),(28,'https://firebasestorage.googleapis.com/v0/b/asmjava5.appspot.com/o/products%2Fwxmltbyef0b?alt=media&token=9e84f8cf-7d49-4b2d-9bd9-de39948bb63a',15),(29,'https://firebasestorage.googleapis.com/v0/b/asmjava5.appspot.com/o/products%2Fpte0m0qijxo?alt=media&token=56e9b359-e6a8-4fc4-805c-b78479af18b0',15),(30,'https://firebasestorage.googleapis.com/v0/b/asmjava5.appspot.com/o/products%2Fkzcugozh4r?alt=media&token=898a6154-de00-4d5d-9f43-376bdeed2cd2',15),(32,'https://firebasestorage.googleapis.com/v0/b/asmjava5.appspot.com/o/products%2F1ur5enmc2or?alt=media&token=08f93020-0a6b-4d39-98cd-77a4ff56be2f',31),(33,'https://firebasestorage.googleapis.com/v0/b/asmjava5.appspot.com/o/products%2Ffehzvt009ug?alt=media&token=8b495095-8e1c-4d44-9730-7fa9d4a930a3',31),(34,'https://firebasestorage.googleapis.com/v0/b/asmjava5.appspot.com/o/products%2Fxafe37d6th9?alt=media&token=fff377cb-f0c5-437d-86ef-29404d22079e',31),(35,'https://firebasestorage.googleapis.com/v0/b/asmjava5.appspot.com/o/products%2Fasfxpelgj8r?alt=media&token=dadf17bd-c5d5-4f67-9c07-f4ae5a6f6fa5',31),(36,'https://firebasestorage.googleapis.com/v0/b/asmjava5.appspot.com/o/products%2F6x7pwyxbf97?alt=media&token=3ccbe0fb-84ae-4d2a-ad52-d4b4f951bc0a',31),(37,'https://firebasestorage.googleapis.com/v0/b/asmjava5.appspot.com/o/products%2Fyubpcp8agh?alt=media&token=ea7ad066-8627-48c8-bf82-21ae61bb5802',31),(38,'https://firebasestorage.googleapis.com/v0/b/asmjava5.appspot.com/o/products%2Fa2bezn80vvf?alt=media&token=fd6beaab-791a-4133-8dae-be908f15ce96',31),(42,'https://firebasestorage.googleapis.com/v0/b/asmjava5.appspot.com/o/products%2Fli5fglyutya?alt=media&token=44cbd156-e88c-4422-af73-3877b186a8a5',41),(43,'https://firebasestorage.googleapis.com/v0/b/asmjava5.appspot.com/o/products%2Fptfwatl6a5d?alt=media&token=6134e398-8453-40be-8263-68c9ded7a889',41),(44,'https://firebasestorage.googleapis.com/v0/b/asmjava5.appspot.com/o/products%2Fleunwlqz24?alt=media&token=e87db5af-11de-4d9e-b850-b302688d0c85',41),(45,'https://firebasestorage.googleapis.com/v0/b/asmjava5.appspot.com/o/products%2Fjdffp8zk6h9?alt=media&token=f6356fb1-38c8-45ed-9c93-9d25633a56a9',41),(46,'https://firebasestorage.googleapis.com/v0/b/asmjava5.appspot.com/o/products%2F08m7ikm2c2r6?alt=media&token=103cfecf-60cb-4414-a18d-282a5a504f77',41),(47,'https://firebasestorage.googleapis.com/v0/b/asmjava5.appspot.com/o/products%2Fmpn0jbjv5nc?alt=media&token=9cdddc55-4f46-44a3-8c63-617615264ba0',41),(48,'https://firebasestorage.googleapis.com/v0/b/asmjava5.appspot.com/o/products%2F86mg9g27n1b?alt=media&token=107c6de5-eccf-499a-890e-336556b1e177',41),(49,'https://firebasestorage.googleapis.com/v0/b/asmjava5.appspot.com/o/products%2Fvm7vhjcpal?alt=media&token=5570bbc2-8046-4229-96d7-33787c4133a2',41),(50,'https://firebasestorage.googleapis.com/v0/b/asmjava5.appspot.com/o/products%2Fbje93h3lgy?alt=media&token=5faa7e09-59d1-4afa-a227-ed1b7240c6dc',41),(51,'https://firebasestorage.googleapis.com/v0/b/asmjava5.appspot.com/o/products%2F5r23gwgd7tr?alt=media&token=0ebfba57-2f86-4198-b27f-5d073037529b',41),(53,'https://firebasestorage.googleapis.com/v0/b/asmjava5.appspot.com/o/products%2Fzajuwi5aph?alt=media&token=8f3d4765-eb26-452d-b26a-daa2f4a69a6d',52),(54,'https://firebasestorage.googleapis.com/v0/b/asmjava5.appspot.com/o/products%2Fb2w0u3w0id?alt=media&token=f1921382-b509-4b4f-8872-165e24d9338f',52),(55,'https://firebasestorage.googleapis.com/v0/b/asmjava5.appspot.com/o/products%2Fdzfnab3u4xs?alt=media&token=fd936c17-9d57-4923-a197-8b53b3acaca9',52),(56,'https://firebasestorage.googleapis.com/v0/b/asmjava5.appspot.com/o/products%2Fb1jvwqpfme?alt=media&token=138a9843-ab65-40c7-8b23-20be0b3d21fa',52),(57,'https://firebasestorage.googleapis.com/v0/b/asmjava5.appspot.com/o/products%2F3k1xkq15sas?alt=media&token=616e6f56-d01c-4316-9aa8-1b3ab153de14',52),(58,'https://firebasestorage.googleapis.com/v0/b/asmjava5.appspot.com/o/products%2Flbjq7nixggm?alt=media&token=fca1858d-03cf-4e29-a2ad-3d154210b150',52),(59,'https://firebasestorage.googleapis.com/v0/b/asmjava5.appspot.com/o/products%2Fbqzpznqhzd4?alt=media&token=76b48a73-92d0-44bc-83e9-9e74c64cf109',52),(60,'https://firebasestorage.googleapis.com/v0/b/asmjava5.appspot.com/o/products%2Fio2yb82oh8?alt=media&token=4b9686fc-b7b9-4a46-b34b-8edae95cfc86',52),(61,'https://firebasestorage.googleapis.com/v0/b/asmjava5.appspot.com/o/products%2F9zmiqatxzq5?alt=media&token=20f7cb72-6af9-49d2-9693-13eacb70401c',52),(62,'https://firebasestorage.googleapis.com/v0/b/asmjava5.appspot.com/o/products%2For9dwpovvwq?alt=media&token=8772150c-ea45-41d4-a51d-96945a54fa27',52),(63,'https://firebasestorage.googleapis.com/v0/b/asmjava5.appspot.com/o/products%2F3fi65wa139w?alt=media&token=bfa9587f-6e22-4eed-98b5-48056201403c',52),(65,'https://firebasestorage.googleapis.com/v0/b/asmjava5.appspot.com/o/products%2Fcdyi0vv41rr?alt=media&token=61a23b12-7a0c-4a50-88a9-c3740ed51aad',64),(66,'https://firebasestorage.googleapis.com/v0/b/asmjava5.appspot.com/o/products%2Fr1lzng68zxg?alt=media&token=be0e3921-6666-4cf9-a0c5-0fa7e0322079',64),(67,'https://firebasestorage.googleapis.com/v0/b/asmjava5.appspot.com/o/products%2Fptlr3yp013?alt=media&token=2cb0dec5-b18f-444d-904f-bcb18d424523',64),(68,'https://firebasestorage.googleapis.com/v0/b/asmjava5.appspot.com/o/products%2Fhrzd8r4lslk?alt=media&token=45a5fa7f-ffcc-400c-98ee-3f00306fb6a5',64),(69,'https://firebasestorage.googleapis.com/v0/b/asmjava5.appspot.com/o/products%2F840epekdzt?alt=media&token=a394138d-994b-4195-9ee4-4255e3114539',64),(70,'https://firebasestorage.googleapis.com/v0/b/asmjava5.appspot.com/o/products%2Fwydwm8aqbgs?alt=media&token=25f6a252-54aa-4c20-82d9-b201f2fd6df1',64),(71,'https://firebasestorage.googleapis.com/v0/b/asmjava5.appspot.com/o/products%2F66piledj7pk?alt=media&token=0129063d-0c0d-4f5b-be30-bf995ffba7a2',64),(72,'https://firebasestorage.googleapis.com/v0/b/asmjava5.appspot.com/o/products%2Fw78guxo801g?alt=media&token=af62c1c1-a4cc-4a30-b7cd-dafc441be4f4',64),(73,'https://firebasestorage.googleapis.com/v0/b/asmjava5.appspot.com/o/products%2Fw0bp356kgtl?alt=media&token=00937867-0740-4770-b9f5-12c7c7517c83',64),(74,'https://firebasestorage.googleapis.com/v0/b/asmjava5.appspot.com/o/products%2Fk4mllzta1bd?alt=media&token=fe9f0365-0ed4-4ce8-a3a2-bcdd548b5cf1',64),(75,'https://firebasestorage.googleapis.com/v0/b/asmjava5.appspot.com/o/products%2Fwxzkvos7hg7?alt=media&token=f2fac2b0-f90f-4d60-a4ee-46a7c7889aac',64),(76,'https://firebasestorage.googleapis.com/v0/b/asmjava5.appspot.com/o/products%2F85o9guum8iu?alt=media&token=3bb4adab-ecfd-466e-aa53-d3a1d763f146',64),(77,'https://firebasestorage.googleapis.com/v0/b/asmjava5.appspot.com/o/products%2Foiopafhpc5j?alt=media&token=2f4b0210-1b05-49fd-9a48-271f8dae2dc8',64),(79,'https://firebasestorage.googleapis.com/v0/b/asmjava5.appspot.com/o/products%2Fop7v44mspo?alt=media&token=1e97a73c-bbd8-4e6c-ae75-83c603403b2e',78),(80,'https://firebasestorage.googleapis.com/v0/b/asmjava5.appspot.com/o/products%2F6y645axid3a?alt=media&token=0cc7384a-d7d2-47e7-b780-88ef364bfd8b',78),(81,'https://firebasestorage.googleapis.com/v0/b/asmjava5.appspot.com/o/products%2Fndgpwu45kcm?alt=media&token=7229d133-4cf1-481a-b394-8c4b9cc55459',78),(82,'https://firebasestorage.googleapis.com/v0/b/asmjava5.appspot.com/o/products%2Fqyfm7ra2d8i?alt=media&token=c6749f8e-9f3f-4373-8149-fefc716ce9cd',78),(83,'https://firebasestorage.googleapis.com/v0/b/asmjava5.appspot.com/o/products%2Fbyb3my7vrq?alt=media&token=008e8c4a-7a2f-470c-9901-20e7a93411bf',78),(84,'https://firebasestorage.googleapis.com/v0/b/asmjava5.appspot.com/o/products%2F217zcf8je0t?alt=media&token=beb197fe-e077-4863-aec8-c04c19e8efa0',78),(85,'https://firebasestorage.googleapis.com/v0/b/asmjava5.appspot.com/o/products%2Fkgsuncqm5n?alt=media&token=23d64dc5-5262-47e0-84b7-6e751a21c6f4',78),(86,'https://firebasestorage.googleapis.com/v0/b/asmjava5.appspot.com/o/products%2Fv0jt3lwditm?alt=media&token=88a1a3cb-4f58-45d9-b1fa-eb9bf5e44d3e',78),(87,'https://firebasestorage.googleapis.com/v0/b/asmjava5.appspot.com/o/products%2Fbrucyznqvar?alt=media&token=d48c68af-2793-4835-a67f-395dc6d879fd',78),(88,'https://firebasestorage.googleapis.com/v0/b/asmjava5.appspot.com/o/products%2Fmek0owywol?alt=media&token=9ebfeb79-94e5-4acd-b4be-e4539ea106d9',78),(89,'https://firebasestorage.googleapis.com/v0/b/asmjava5.appspot.com/o/products%2F1dmf6h0mml4?alt=media&token=8d78c967-647d-4f69-ab3c-b735043891d3',78),(90,'https://firebasestorage.googleapis.com/v0/b/asmjava5.appspot.com/o/products%2Fuy60i5y4ees?alt=media&token=fc5c8830-35c6-48d2-bbd8-2c34d32c7ee0',78),(91,'https://firebasestorage.googleapis.com/v0/b/asmjava5.appspot.com/o/products%2Fexrx9eoivcu?alt=media&token=30072f5e-2b88-4462-92ae-5693c16d5715',78),(92,'https://firebasestorage.googleapis.com/v0/b/asmjava5.appspot.com/o/products%2F9bkb9f9huh6?alt=media&token=f9830a94-bf1b-4010-9916-2b57e85ec04d',78),(93,'https://firebasestorage.googleapis.com/v0/b/asmjava5.appspot.com/o/products%2Fo8go5edqnw9?alt=media&token=b93a90e9-f494-485f-a7db-020f6f3f3b78',78),(103,'https://firebasestorage.googleapis.com/v0/b/asmjava5.appspot.com/o/products%2F1hl8mdw8i28?alt=media&token=72d4d7da-4dfa-4d81-834e-9eff6c5fafd9',102),(104,'https://firebasestorage.googleapis.com/v0/b/asmjava5.appspot.com/o/products%2Fknvnz4tp4o?alt=media&token=98c4dbe4-c2c0-43b9-9d0d-848cd25cd374',102),(105,'https://firebasestorage.googleapis.com/v0/b/asmjava5.appspot.com/o/products%2F8xg8b7mbngp?alt=media&token=563b3020-71f7-406d-8db3-24e4739577b2',102),(106,'https://firebasestorage.googleapis.com/v0/b/asmjava5.appspot.com/o/products%2Fbn196b6mo9k?alt=media&token=6d91166d-df9d-49f6-be8a-1a84c3726eb2',102),(107,'https://firebasestorage.googleapis.com/v0/b/asmjava5.appspot.com/o/products%2Fhjzjca3mtm?alt=media&token=04422fcb-8db7-46bc-9bca-c5e3c9701961',102),(108,'https://firebasestorage.googleapis.com/v0/b/asmjava5.appspot.com/o/products%2Fjsq8yilx5aa?alt=media&token=44db3ce2-4d54-4f9c-9968-74524562a6c8',102),(109,'https://firebasestorage.googleapis.com/v0/b/asmjava5.appspot.com/o/products%2F39ofomyc375?alt=media&token=bb81e444-cc6e-4bf0-8479-48d3d5cc17e3',102),(110,'https://firebasestorage.googleapis.com/v0/b/asmjava5.appspot.com/o/products%2F0u7ms3x7cgzs?alt=media&token=39c353dc-c335-4585-a918-0a3dec2c0dd6',102),(112,'https://firebasestorage.googleapis.com/v0/b/asmjava5.appspot.com/o/products%2Fv6ocz1fg38?alt=media&token=f7881108-55b7-43d6-ba09-c73e09bb6022',111),(113,'https://firebasestorage.googleapis.com/v0/b/asmjava5.appspot.com/o/products%2Fok2trz2sp2?alt=media&token=de11513e-a4b0-41d0-8b3c-94f154bf0b46',111),(114,'https://firebasestorage.googleapis.com/v0/b/asmjava5.appspot.com/o/products%2Fgtaxecgy07v?alt=media&token=af37f4c3-f532-4c36-87d0-81743cb38a98',111),(115,'https://firebasestorage.googleapis.com/v0/b/asmjava5.appspot.com/o/products%2Fu5yvernp8uq?alt=media&token=5dc13dbb-da4f-4922-84f3-53a9b4571668',111),(116,'https://firebasestorage.googleapis.com/v0/b/asmjava5.appspot.com/o/products%2F8l5u6l8vqr8?alt=media&token=7b33c64a-8704-4ec4-b401-4fd00454d109',111),(117,'https://firebasestorage.googleapis.com/v0/b/asmjava5.appspot.com/o/products%2Ff6r5p0dsb1j?alt=media&token=0269c5ed-756e-4306-ac42-75615b5030c5',111),(118,'https://firebasestorage.googleapis.com/v0/b/asmjava5.appspot.com/o/products%2Ft749gtktrgl?alt=media&token=7a625629-0e9c-4067-a59d-5cb96e50cc86',111),(119,'https://firebasestorage.googleapis.com/v0/b/asmjava5.appspot.com/o/products%2Fms2ni8odelb?alt=media&token=c85d1866-8d9a-4424-9591-708a254e4958',111),(120,'https://firebasestorage.googleapis.com/v0/b/asmjava5.appspot.com/o/products%2Frzsjx94e0ss?alt=media&token=19d05b44-e4f7-4fba-b498-61deac0faf26',111),(121,'https://firebasestorage.googleapis.com/v0/b/asmjava5.appspot.com/o/products%2Fyu9dsj9n9sa?alt=media&token=279f1e42-0390-4fda-8ba5-8a1eecfa82e2',111),(122,'https://firebasestorage.googleapis.com/v0/b/asmjava5.appspot.com/o/products%2F3n0x36zyfck?alt=media&token=a3e5e9d4-8bb7-4b32-a1b4-14f61f405117',111),(123,'https://firebasestorage.googleapis.com/v0/b/asmjava5.appspot.com/o/products%2Fkwp9ns1smhg?alt=media&token=f221429d-388e-41de-8103-9ed9ed3aa9c5',111),(124,'https://firebasestorage.googleapis.com/v0/b/asmjava5.appspot.com/o/products%2Fuo5d08ltxql?alt=media&token=ede5cb5c-1ea4-416b-b810-6724dede38dc',111),(126,'https://firebasestorage.googleapis.com/v0/b/asmjava5.appspot.com/o/products%2Fgmi3syh7zfr?alt=media&token=c8490ba7-020d-4361-9929-3d491b780da9',125),(127,'https://firebasestorage.googleapis.com/v0/b/asmjava5.appspot.com/o/products%2Fcfvl43fncxw?alt=media&token=2ae09b78-272f-4a85-a7bb-5d6698a9b2a4',125),(128,'https://firebasestorage.googleapis.com/v0/b/asmjava5.appspot.com/o/products%2Fbxs3bg1oai7?alt=media&token=ca2ee40f-c913-4da0-b773-dc0557bdc50b',125),(129,'https://firebasestorage.googleapis.com/v0/b/asmjava5.appspot.com/o/products%2Fbcbxe34c5a4?alt=media&token=14aba3e0-c9ab-419e-8b04-86467d29cb34',125),(130,'https://firebasestorage.googleapis.com/v0/b/asmjava5.appspot.com/o/products%2Fwiso35rqxu?alt=media&token=4bc1dc88-e3fb-45f1-bb0a-dce9108bbc80',125),(131,'https://firebasestorage.googleapis.com/v0/b/asmjava5.appspot.com/o/products%2Fauu44okze58?alt=media&token=a365f7e4-0cfb-4538-b859-6a0bda50bb64',125),(132,'https://firebasestorage.googleapis.com/v0/b/asmjava5.appspot.com/o/products%2Fvr5s2bfa1un?alt=media&token=18acd77f-59be-4b24-a0ec-dad81def5b1b',125),(133,'https://firebasestorage.googleapis.com/v0/b/asmjava5.appspot.com/o/products%2Fhojvumsgovs?alt=media&token=6c93551d-1d18-452a-ae10-eb07e29324a1',125),(134,'https://firebasestorage.googleapis.com/v0/b/asmjava5.appspot.com/o/products%2Fiwluklk0wwr?alt=media&token=a2ba5650-4d30-4e61-8aa2-1c597b7dc016',125),(135,'https://firebasestorage.googleapis.com/v0/b/asmjava5.appspot.com/o/products%2Fx5reb7pb4ab?alt=media&token=fb18c4e0-b70d-4453-bc80-fbd8cb801cee',125),(136,'https://firebasestorage.googleapis.com/v0/b/asmjava5.appspot.com/o/products%2Ffwsrbguuca4?alt=media&token=a61706d9-2e08-40de-bb6a-fcbf5c7caef1',125),(137,'https://firebasestorage.googleapis.com/v0/b/asmjava5.appspot.com/o/products%2F3b738ovs475?alt=media&token=b5d3deb2-504a-4af0-ab47-2f15dfa680f7',125),(139,'https://firebasestorage.googleapis.com/v0/b/asmjava5.appspot.com/o/products%2F17waxqlelpv?alt=media&token=c2c7c032-11af-4575-9e59-7119a1cab449',138),(140,'https://firebasestorage.googleapis.com/v0/b/asmjava5.appspot.com/o/products%2Fhqa6r9lpjzj?alt=media&token=9557902e-1817-48be-b404-91b47187eff4',138),(141,'https://firebasestorage.googleapis.com/v0/b/asmjava5.appspot.com/o/products%2Fj91e567xrbj?alt=media&token=4825b95c-7658-4128-b887-c6b9e17b4964',138),(142,'https://firebasestorage.googleapis.com/v0/b/asmjava5.appspot.com/o/products%2Fpct5pzprzp?alt=media&token=bcafcaa0-1763-4e6a-b6ed-33a83852ca93',138),(143,'https://firebasestorage.googleapis.com/v0/b/asmjava5.appspot.com/o/products%2F5gq6w4i6tee?alt=media&token=3bdb5ce6-e7a0-42d9-818f-b9146199b724',138),(144,'https://firebasestorage.googleapis.com/v0/b/asmjava5.appspot.com/o/products%2F0mo59pf2yik9?alt=media&token=399cc6be-ab92-480c-8a92-ff7a752e8b66',138),(145,'https://firebasestorage.googleapis.com/v0/b/asmjava5.appspot.com/o/products%2Fiqnui91mqc?alt=media&token=b7f851bc-2aab-40fb-b1b5-6c08b85a7f06',138),(146,'https://firebasestorage.googleapis.com/v0/b/asmjava5.appspot.com/o/products%2Fcupdw816546?alt=media&token=31911b00-d498-4ecb-9fa9-24ccf101d27e',138),(147,'https://firebasestorage.googleapis.com/v0/b/asmjava5.appspot.com/o/products%2Fhlfzxevqhw4?alt=media&token=a268676b-ee17-45b8-92f7-6cd4a6531081',138),(148,'https://firebasestorage.googleapis.com/v0/b/asmjava5.appspot.com/o/products%2F9t6ob5bqo9l?alt=media&token=91226001-1b63-4187-afae-5d8e99059db0',138),(149,'https://firebasestorage.googleapis.com/v0/b/asmjava5.appspot.com/o/products%2F0ycr6cq18y7?alt=media&token=9c6571f4-8cb0-40b5-b64f-4ae6042d9ca9',138),(150,'https://firebasestorage.googleapis.com/v0/b/asmjava5.appspot.com/o/products%2Fm8nkvcabxd?alt=media&token=3ccf7f82-dc06-47fd-bdaa-928f9942f7b5',138),(152,'https://firebasestorage.googleapis.com/v0/b/asmjava5.appspot.com/o/products%2Fxgofvctikb?alt=media&token=9b2853e8-7680-4c7a-80bf-8ab65b23d9a4',151),(153,'https://firebasestorage.googleapis.com/v0/b/asmjava5.appspot.com/o/products%2Fh3t3j8utbyh?alt=media&token=52fbcd4e-5172-4763-970b-d2ac6e7ad290',151),(154,'https://firebasestorage.googleapis.com/v0/b/asmjava5.appspot.com/o/products%2Feihsog60mqa?alt=media&token=764fa50a-24c0-4fa9-9cb4-3fa093675123',151),(155,'https://firebasestorage.googleapis.com/v0/b/asmjava5.appspot.com/o/products%2Ffg4x54hyy08?alt=media&token=f215c28c-b187-4344-8570-e1eda36db788',151),(156,'https://firebasestorage.googleapis.com/v0/b/asmjava5.appspot.com/o/products%2Fre3o2wr7n3?alt=media&token=7baa4ed0-ab62-4e48-8940-286bc9ed1619',151),(157,'https://firebasestorage.googleapis.com/v0/b/asmjava5.appspot.com/o/products%2F2fpbok1vlf3?alt=media&token=c8185657-52be-4305-ade6-6d0792c142fd',151),(158,'https://firebasestorage.googleapis.com/v0/b/asmjava5.appspot.com/o/products%2Fk8ccakb0p48?alt=media&token=fad98c3f-898e-4f3a-9002-5965864173f5',151),(159,'https://firebasestorage.googleapis.com/v0/b/asmjava5.appspot.com/o/products%2Fijchbnug6i?alt=media&token=1cea20b1-a329-4b2d-872f-d758b9b7a448',151),(160,'https://firebasestorage.googleapis.com/v0/b/asmjava5.appspot.com/o/products%2Fx07da75en7g?alt=media&token=f5ff0918-c3e1-4ea3-b49b-6f8e76b81ad6',151),(161,'https://firebasestorage.googleapis.com/v0/b/asmjava5.appspot.com/o/products%2Fm2ioi5xy95m?alt=media&token=765a50b8-e1f9-4548-ba4c-12911ac26581',151),(162,'https://firebasestorage.googleapis.com/v0/b/asmjava5.appspot.com/o/products%2Fq269izbp8jc?alt=media&token=4d1edf74-4abe-4370-9c9e-5c4b4b724754',151),(163,'https://firebasestorage.googleapis.com/v0/b/asmjava5.appspot.com/o/products%2Fg9webflwwq5?alt=media&token=62c5c709-fbb1-4a03-a682-5bd97f268be5',151),(164,'https://firebasestorage.googleapis.com/v0/b/asmjava5.appspot.com/o/products%2F35gzdm3rpv9?alt=media&token=9f0912a5-e24d-45b8-b03d-e52185e54c6d',151),(165,'https://firebasestorage.googleapis.com/v0/b/asmjava5.appspot.com/o/products%2F9f74i967bu?alt=media&token=b56f2c10-bb44-4f3b-b2d5-2b69ed707e78',151),(167,'https://firebasestorage.googleapis.com/v0/b/asmjava5.appspot.com/o/products%2Fcpdjh4bcsvw?alt=media&token=a2eb2867-9b3d-46ed-bdf8-f5f76ae6bd36',166),(168,'https://firebasestorage.googleapis.com/v0/b/asmjava5.appspot.com/o/products%2F7ecb07djazg?alt=media&token=624ca5d4-1851-4939-a902-61acfb50d70f',166),(169,'https://firebasestorage.googleapis.com/v0/b/asmjava5.appspot.com/o/products%2Ft23ld3e1xxa?alt=media&token=e3ce1e90-5314-437d-b7e3-c92e0cd30a40',166),(170,'https://firebasestorage.googleapis.com/v0/b/asmjava5.appspot.com/o/products%2Fpou6gu0f8p?alt=media&token=972bc427-f475-4611-9589-086689ecb4e6',166),(171,'https://firebasestorage.googleapis.com/v0/b/asmjava5.appspot.com/o/products%2F03lk629pczwo?alt=media&token=37969f8c-aef6-4ff8-aeb8-48e8513aec17',166),(172,'https://firebasestorage.googleapis.com/v0/b/asmjava5.appspot.com/o/products%2Fti7tcaix28?alt=media&token=f9e2c1da-2949-4ca8-8d21-b293f1fe5277',166),(173,'https://firebasestorage.googleapis.com/v0/b/asmjava5.appspot.com/o/products%2Fa42a6qq2xdc?alt=media&token=945a13a0-8069-42bb-b5d3-f6e0979fe288',166),(175,'https://firebasestorage.googleapis.com/v0/b/asmjava5.appspot.com/o/products%2Fordgn4qgn9a?alt=media&token=e3479722-cf37-4d51-9944-bf58a3329e9c',174),(176,'https://firebasestorage.googleapis.com/v0/b/asmjava5.appspot.com/o/products%2F46qx81seyby?alt=media&token=50a00f04-d3e4-42db-a3b0-249a48e57260',174),(177,'https://firebasestorage.googleapis.com/v0/b/asmjava5.appspot.com/o/products%2Fi5gp6anmvk?alt=media&token=da70c4d8-f6b9-4c97-91c9-6d853094df12',174),(178,'https://firebasestorage.googleapis.com/v0/b/asmjava5.appspot.com/o/products%2F0z7u0b6sitc?alt=media&token=d9353378-e456-4689-a860-8cd17501df7f',174),(179,'https://firebasestorage.googleapis.com/v0/b/asmjava5.appspot.com/o/products%2F9zm19hszab?alt=media&token=bcd8ce7b-2ad4-4779-9bfe-a2be17debf7b',174),(180,'https://firebasestorage.googleapis.com/v0/b/asmjava5.appspot.com/o/products%2Fv4g8vg37no?alt=media&token=0159554e-8b87-4c73-9015-2e71aaa10f71',174),(181,'https://firebasestorage.googleapis.com/v0/b/asmjava5.appspot.com/o/products%2Fwjzdno1eeua?alt=media&token=d2d11722-ff16-4194-91a5-0b4f39b820e3',174),(182,'https://firebasestorage.googleapis.com/v0/b/asmjava5.appspot.com/o/products%2Fkhw3raau4s?alt=media&token=93b9650e-a3ea-4cdc-be90-91b68e43e754',174),(183,'https://firebasestorage.googleapis.com/v0/b/asmjava5.appspot.com/o/products%2Fh3kp8wugix6?alt=media&token=53271aa9-4ff5-434c-a9c4-f39726680863',174),(184,'https://firebasestorage.googleapis.com/v0/b/asmjava5.appspot.com/o/products%2F2jn5n5e3syp?alt=media&token=33a6c5c5-32ff-4b2b-a1b1-db60a2985115',174),(185,'https://firebasestorage.googleapis.com/v0/b/asmjava5.appspot.com/o/products%2Fu90n7d0016p?alt=media&token=ac008c6e-fdea-4ea4-a556-f49080181ef9',174),(186,'https://firebasestorage.googleapis.com/v0/b/asmjava5.appspot.com/o/products%2Fo9yu24b743a?alt=media&token=01fe16e8-5788-4df1-b15a-aab9ee9530bc',174),(188,'https://firebasestorage.googleapis.com/v0/b/asmjava5.appspot.com/o/products%2F4f3bqufqf5g?alt=media&token=ddcc20db-bc3d-4be0-b7bd-606305d30abd',187),(189,'https://firebasestorage.googleapis.com/v0/b/asmjava5.appspot.com/o/products%2F3a4rbj129s?alt=media&token=abd82454-6cbe-4310-9ae9-6c199b0a809d',187),(190,'https://firebasestorage.googleapis.com/v0/b/asmjava5.appspot.com/o/products%2Ftojd4v0htah?alt=media&token=742c24c0-6ef9-4910-8a0b-f378d6dac323',187),(191,'https://firebasestorage.googleapis.com/v0/b/asmjava5.appspot.com/o/products%2Fbc4abw38php?alt=media&token=588ea5ff-9fa2-4f8f-96e7-b7a8143ab982',187),(192,'https://firebasestorage.googleapis.com/v0/b/asmjava5.appspot.com/o/products%2Fyxlzzyc679l?alt=media&token=d5583b84-6680-4024-90ab-95d8fd74a5dd',187),(193,'https://firebasestorage.googleapis.com/v0/b/asmjava5.appspot.com/o/products%2Fo6u8eq1xuuk?alt=media&token=af85a66e-464e-4169-9ed2-bee690fe4614',187),(194,'https://firebasestorage.googleapis.com/v0/b/asmjava5.appspot.com/o/products%2Fckzhqumz04j?alt=media&token=397a6835-47b8-4341-8b58-057022f748cf',187),(195,'https://firebasestorage.googleapis.com/v0/b/asmjava5.appspot.com/o/products%2Fonarfauq74k?alt=media&token=485e76a9-1ff2-4f46-918c-4535644354cc',187),(196,'https://firebasestorage.googleapis.com/v0/b/asmjava5.appspot.com/o/products%2Fla2kz6ct3io?alt=media&token=5725ad55-5cc8-4e40-a6ea-bc6dc4818f01',187),(197,'https://firebasestorage.googleapis.com/v0/b/asmjava5.appspot.com/o/products%2Fhd0hd8z5o09?alt=media&token=35eca153-6d2d-4d9e-ac7e-13e77d5c0255',187),(198,'https://firebasestorage.googleapis.com/v0/b/asmjava5.appspot.com/o/products%2Fsgi51911gip?alt=media&token=a0c2940b-fd7c-4411-8e1a-5a133d8ae220',187),(199,'https://firebasestorage.googleapis.com/v0/b/asmjava5.appspot.com/o/products%2Fah80xt64ecw?alt=media&token=a405127e-41bd-4053-9dea-8e69ca11cc01',187),(200,'https://firebasestorage.googleapis.com/v0/b/asmjava5.appspot.com/o/products%2Fue6lo4l92ic?alt=media&token=f0e0bcf2-e34e-49d5-adfe-f60132041044',187),(202,'https://firebasestorage.googleapis.com/v0/b/asmjava5.appspot.com/o/products%2Fxrn2ls7gd?alt=media&token=085b9a25-8d9e-4159-ba83-ea4394779d0b',201),(203,'https://firebasestorage.googleapis.com/v0/b/asmjava5.appspot.com/o/products%2Fwqr43lqtyn?alt=media&token=4713ed15-36cf-497f-83f8-7e4c84cf2ca0',201),(204,'https://firebasestorage.googleapis.com/v0/b/asmjava5.appspot.com/o/products%2Fd61o0koi7n5?alt=media&token=5f0379b4-da1b-47a1-aaf6-24d914c6f323',201),(205,'https://firebasestorage.googleapis.com/v0/b/asmjava5.appspot.com/o/products%2F2g64783w2ep?alt=media&token=a21d5b79-bd04-4bb8-b4cc-d1a3415fb152',201),(206,'https://firebasestorage.googleapis.com/v0/b/asmjava5.appspot.com/o/products%2Fksf9vxxm8gk?alt=media&token=9ba48cba-4aee-4ae5-b5b6-239c00d56b71',201),(207,'https://firebasestorage.googleapis.com/v0/b/asmjava5.appspot.com/o/products%2F3udxi9ftp0j?alt=media&token=5043a78e-f2f4-4265-a886-c47623cbd8e0',201),(208,'https://firebasestorage.googleapis.com/v0/b/asmjava5.appspot.com/o/products%2Frna9hflbyxq?alt=media&token=2b325c58-4faf-4ff0-b3ce-da739311eda7',201),(210,'https://firebasestorage.googleapis.com/v0/b/asmjava5.appspot.com/o/products%2Fy3c53s60kp8?alt=media&token=43f0acfd-b52a-4200-8f72-90981910c53d',209),(211,'https://firebasestorage.googleapis.com/v0/b/asmjava5.appspot.com/o/products%2Fmud8pwbnwes?alt=media&token=68b2d039-cba0-4550-a8da-d3bee0bd91e7',209),(212,'https://firebasestorage.googleapis.com/v0/b/asmjava5.appspot.com/o/products%2F58ri76imi7p?alt=media&token=06a68c9a-6985-4cf7-bfea-8cf00be42d2b',209),(213,'https://firebasestorage.googleapis.com/v0/b/asmjava5.appspot.com/o/products%2Fktgl8xsqksc?alt=media&token=7eb41ec0-8028-455c-92a5-32220f878ee6',209),(214,'https://firebasestorage.googleapis.com/v0/b/asmjava5.appspot.com/o/products%2Fdz8b4lgsmjn?alt=media&token=5b9a9025-85d1-471b-bfdf-89ff4a0b5164',209),(215,'https://firebasestorage.googleapis.com/v0/b/asmjava5.appspot.com/o/products%2F590ysy4tay5?alt=media&token=f40b95cc-26b0-47ef-89a7-812bb1d5b727',209),(216,'https://firebasestorage.googleapis.com/v0/b/asmjava5.appspot.com/o/products%2F0aj790avnydq?alt=media&token=1b954aef-4238-4daf-95f6-b0c01eb255b9',209),(217,'https://firebasestorage.googleapis.com/v0/b/asmjava5.appspot.com/o/products%2Fnzcdmauo4a?alt=media&token=a34d7ad6-0bf4-47ab-84b7-b767673caa64',209),(219,'https://firebasestorage.googleapis.com/v0/b/asmjava5.appspot.com/o/products%2Fwv1n3xodcu?alt=media&token=5228b301-fca1-487d-ab10-ba6d2d9da3ce',218),(220,'https://firebasestorage.googleapis.com/v0/b/asmjava5.appspot.com/o/products%2Fojul8u22ajb?alt=media&token=7e882b50-daeb-4080-8e9e-f95fef008dac',218),(221,'https://firebasestorage.googleapis.com/v0/b/asmjava5.appspot.com/o/products%2Fuwq056t5wh?alt=media&token=36e98c3a-6000-42d4-a360-cad24eab1a0a',218),(222,'https://firebasestorage.googleapis.com/v0/b/asmjava5.appspot.com/o/products%2Fe3bxy7kna1a?alt=media&token=3837cc19-8e27-4d11-8247-046cbb6b3cf0',218),(223,'https://firebasestorage.googleapis.com/v0/b/asmjava5.appspot.com/o/products%2F5i8y9a1sr1x?alt=media&token=aeb1e9d5-dcef-4310-a119-bd7c989c8d74',218),(224,'https://firebasestorage.googleapis.com/v0/b/asmjava5.appspot.com/o/products%2F1aqn83q47f9j?alt=media&token=7c85c897-4a47-4445-9a8a-56c0efa44eba',218),(225,'https://firebasestorage.googleapis.com/v0/b/asmjava5.appspot.com/o/products%2Flv3mqwzm0xf?alt=media&token=8717b3da-e647-42d4-aa6b-3c149150c891',218),(227,'https://firebasestorage.googleapis.com/v0/b/asmjava5.appspot.com/o/products%2Fl16lqkaf3p?alt=media&token=a547aa12-4d91-4cdc-8e00-cbf56b15c705',226),(228,'https://firebasestorage.googleapis.com/v0/b/asmjava5.appspot.com/o/products%2F49hrukfy1zj?alt=media&token=9a8ab9f9-9fc0-4b77-9c77-2e314cef307e',226),(229,'https://firebasestorage.googleapis.com/v0/b/asmjava5.appspot.com/o/products%2F3sll8mvtar8?alt=media&token=4751db2a-6cc3-4906-98d9-91bbd03b157b',226),(230,'https://firebasestorage.googleapis.com/v0/b/asmjava5.appspot.com/o/products%2Ffshk5zpi0o6?alt=media&token=40ce3bee-2399-4e52-b14f-fe87b7d67380',226),(231,'https://firebasestorage.googleapis.com/v0/b/asmjava5.appspot.com/o/products%2F289z3mbs65p?alt=media&token=0f9863b9-0a72-4b6a-a1f3-cfa13daf88c5',226),(232,'https://firebasestorage.googleapis.com/v0/b/asmjava5.appspot.com/o/products%2Fppr9la2kvab?alt=media&token=165c39fa-d878-4d71-8fe5-2bd7b668124a',226),(233,'https://firebasestorage.googleapis.com/v0/b/asmjava5.appspot.com/o/products%2Fyuq37y3ax?alt=media&token=e3756e25-7646-4be8-95f6-826a41686709',226),(234,'https://firebasestorage.googleapis.com/v0/b/asmjava5.appspot.com/o/products%2F7b0o0tnacsu?alt=media&token=5f4222d7-ff8e-48c8-be24-25155293c040',226),(235,'https://firebasestorage.googleapis.com/v0/b/asmjava5.appspot.com/o/products%2Ffjqlhthrhem?alt=media&token=b05bfad0-c245-47d7-80db-8397021100ba',226),(236,'https://firebasestorage.googleapis.com/v0/b/asmjava5.appspot.com/o/products%2Fenr3ii8irgw?alt=media&token=6a48390d-4fa7-4935-9703-db87e9cad2df',226),(237,'https://firebasestorage.googleapis.com/v0/b/asmjava5.appspot.com/o/products%2Flckzbyfrzrs?alt=media&token=f2466cc2-127e-4986-807c-8fdfd2755b44',226),(238,'https://firebasestorage.googleapis.com/v0/b/asmjava5.appspot.com/o/products%2F8llo7f7825q?alt=media&token=4dfbe172-ff86-45fe-99ae-ecb55c02cf8b',226),(239,'https://firebasestorage.googleapis.com/v0/b/asmjava5.appspot.com/o/products%2Fn5r6vl8bssl?alt=media&token=92504523-081a-433f-809e-64b36f2d9c69',226),(241,'https://firebasestorage.googleapis.com/v0/b/asmjava5.appspot.com/o/products%2Fo38lj50twc?alt=media&token=c06c714f-f575-49d2-a5dc-67a37a87208d',240),(242,'https://firebasestorage.googleapis.com/v0/b/asmjava5.appspot.com/o/products%2Fb70ft4aeg16?alt=media&token=2c8979a9-4f64-4a02-8513-1c7cf1354c19',240),(243,'https://firebasestorage.googleapis.com/v0/b/asmjava5.appspot.com/o/products%2Frqllfgd9a8h?alt=media&token=49e58696-97b4-4424-8fb3-6e451e893331',240),(244,'https://firebasestorage.googleapis.com/v0/b/asmjava5.appspot.com/o/products%2F47lbpdmw80l?alt=media&token=199eac23-038e-4806-a007-7d99b862f935',240),(245,'https://firebasestorage.googleapis.com/v0/b/asmjava5.appspot.com/o/products%2Fzo8zvne2r?alt=media&token=089f8f1e-926c-4aba-9dc5-40263d604911',240),(246,'https://firebasestorage.googleapis.com/v0/b/asmjava5.appspot.com/o/products%2Fwiyooi0ulg?alt=media&token=84dc1303-4c9f-403f-abdd-3655c2a544bc',240),(247,'https://firebasestorage.googleapis.com/v0/b/asmjava5.appspot.com/o/products%2F3v7izh4im9l?alt=media&token=26ab6e11-4022-41d7-86d3-a75754f7597f',240),(248,'https://firebasestorage.googleapis.com/v0/b/asmjava5.appspot.com/o/products%2Fx290u0spqa?alt=media&token=dfd0cf53-7a0f-4a28-920e-95155918b5a3',240),(249,'https://firebasestorage.googleapis.com/v0/b/asmjava5.appspot.com/o/products%2F7lldquapf1?alt=media&token=c8203ad6-e75a-44cd-93a8-ad9e20268bd8',240),(251,'https://firebasestorage.googleapis.com/v0/b/asmjava5.appspot.com/o/products%2Fimliq97ndqm?alt=media&token=eec69e3a-c111-4360-90eb-7cfb940ce66b',250),(252,'https://firebasestorage.googleapis.com/v0/b/asmjava5.appspot.com/o/products%2F3ma5ilaveio?alt=media&token=58cf2f47-967c-456d-833b-5732a7349fdf',250),(253,'https://firebasestorage.googleapis.com/v0/b/asmjava5.appspot.com/o/products%2Fvh8ycrp8azm?alt=media&token=54fa412e-2dd6-4968-8499-48a3da99712c',250),(254,'https://firebasestorage.googleapis.com/v0/b/asmjava5.appspot.com/o/products%2Finrmklxnv4?alt=media&token=300b1f2a-cc34-468c-b812-c5fb3aee5f1d',250),(255,'https://firebasestorage.googleapis.com/v0/b/asmjava5.appspot.com/o/products%2Frjvymnk3jir?alt=media&token=cbfc1af8-81fa-4b2f-a257-bc36ecda6f37',250),(256,'https://firebasestorage.googleapis.com/v0/b/asmjava5.appspot.com/o/products%2Fmoba5bfb8bi?alt=media&token=8220fb64-0356-4817-b544-1d6b8b34df63',250),(257,'https://firebasestorage.googleapis.com/v0/b/asmjava5.appspot.com/o/products%2Fjq156loop09?alt=media&token=b4cd8b7e-d79f-41fb-985c-de2837827641',250),(258,'https://firebasestorage.googleapis.com/v0/b/asmjava5.appspot.com/o/products%2Fkyr0lzyjun?alt=media&token=c52bfdb5-b54d-4cf2-9cdf-91275c7f4c0d',250),(259,'https://firebasestorage.googleapis.com/v0/b/asmjava5.appspot.com/o/products%2F5jdorh4bv2k?alt=media&token=9e1dbe18-4f43-4bec-b304-bbf502a5541c',250),(260,'https://firebasestorage.googleapis.com/v0/b/asmjava5.appspot.com/o/products%2Fv41ds4uatt?alt=media&token=81d6dd25-f389-4fe5-8715-78338dcaef07',250),(261,'https://firebasestorage.googleapis.com/v0/b/asmjava5.appspot.com/o/products%2Fw5fw7ye5iz?alt=media&token=e89836f5-bd71-405f-8e49-c037eb18e305',250),(262,'https://firebasestorage.googleapis.com/v0/b/asmjava5.appspot.com/o/products%2Fwr7pn0p01vg?alt=media&token=e8e7d128-c2a6-44e2-8d6c-e9f595f122ee',250),(263,'https://firebasestorage.googleapis.com/v0/b/asmjava5.appspot.com/o/products%2Fskt6du0hnu?alt=media&token=70f95029-4dd4-46f3-9724-76e6b233261e',250);
/*!40000 ALTER TABLE `image_products` ENABLE KEYS */;
UNLOCK TABLES;

--
-- Table structure for table `manufacturer`
--

DROP TABLE IF EXISTS `manufacturer`;
/*!40101 SET @saved_cs_client     = @@character_set_client */;
/*!50503 SET character_set_client = utf8mb4 */;
CREATE TABLE `manufacturer` (
  `id` bigint NOT NULL,
  `name` varchar(255) DEFAULT NULL,
  PRIMARY KEY (`id`),
  UNIQUE KEY `UKfvhf6l0xkf8hnay7lvwimnwu1` (`name`)
) ENGINE=InnoDB DEFAULT CHARSET=utf8mb4 COLLATE=utf8mb4_0900_ai_ci;
/*!40101 SET character_set_client = @saved_cs_client */;

--
-- Dumping data for table `manufacturer`
--

LOCK TABLES `manufacturer` WRITE;
/*!40000 ALTER TABLE `manufacturer` DISABLE KEYS */;
INSERT INTO `manufacturer` VALUES (13,'ACER'),(11,'ASUS'),(40,'GIGABYTE'),(14,'HP'),(12,'LENOVO'),(39,'MSI');
/*!40000 ALTER TABLE `manufacturer` ENABLE KEYS */;
UNLOCK TABLES;

--
-- Table structure for table `order_details`
--

DROP TABLE IF EXISTS `order_details`;
/*!40101 SET @saved_cs_client     = @@character_set_client */;
/*!50503 SET character_set_client = utf8mb4 */;
CREATE TABLE `order_details` (
  `order_details_id` bigint NOT NULL,
  `price` double DEFAULT NULL,
  `quantity` int DEFAULT NULL,
  `order_o_id` bigint DEFAULT NULL,
  `product_p_id` bigint DEFAULT NULL,
  PRIMARY KEY (`order_details_id`),
  KEY `FKatexyfgthxqtdibwnnslv7rle` (`order_o_id`),
  KEY `FK6aq8yw214r8rkv8alua299sd2` (`product_p_id`),
  CONSTRAINT `FK6aq8yw214r8rkv8alua299sd2` FOREIGN KEY (`product_p_id`) REFERENCES `products` (`p_id`),
  CONSTRAINT `FKatexyfgthxqtdibwnnslv7rle` FOREIGN KEY (`order_o_id`) REFERENCES `orders` (`o_id`)
) ENGINE=InnoDB DEFAULT CHARSET=utf8mb4 COLLATE=utf8mb4_0900_ai_ci;
/*!40101 SET character_set_client = @saved_cs_client */;

--
-- Dumping data for table `order_details`
--

LOCK TABLES `order_details` WRITE;
/*!40000 ALTER TABLE `order_details` DISABLE KEYS */;
INSERT INTO `order_details` VALUES (296,5490000,1,267,15),(297,23990000,6,267,64),(298,24990000,1,267,52),(299,58990000,3,267,78),(302,23990000,3,300,64),(304,18890000,3,303,102),(328,5490000,3,303,15),(329,35990000,2,303,31),(330,49490000,3,303,41),(331,23990000,3,303,64),(332,58990000,2,303,78),(338,25490000,2,337,240),(339,26090000,4,337,250),(342,5490000,3,341,15),(343,35990000,3,341,31),(345,5490000,1,344,15),(346,49490000,3,344,41),(347,58990000,5,344,78),(354,5490000,1,353,15),(356,35990000,1,355,31),(359,35990000,3,358,31);
/*!40000 ALTER TABLE `order_details` ENABLE KEYS */;
UNLOCK TABLES;

--
-- Table structure for table `orders`
--

DROP TABLE IF EXISTS `orders`;
/*!40101 SET @saved_cs_client     = @@character_set_client */;
/*!50503 SET character_set_client = utf8mb4 */;
CREATE TABLE `orders` (
  `o_id` bigint NOT NULL,
  `delivery_address` varchar(255) DEFAULT NULL,
  `delivery_date` datetime(6) DEFAULT NULL,
  `notes` varchar(255) DEFAULT NULL,
  `order_date` datetime(6) DEFAULT NULL,
  `recipient_date` datetime(6) DEFAULT NULL,
  `recipient_name` varchar(255) DEFAULT NULL,
  `status` varchar(255) DEFAULT NULL,
  `total` double DEFAULT NULL,
  `user_order_id` bigint DEFAULT NULL,
  `phone_number` varchar(255) DEFAULT NULL,
  PRIMARY KEY (`o_id`),
  KEY `FK58f3q5u23j8ygwgpq977c3l` (`user_order_id`),
  CONSTRAINT `FK58f3q5u23j8ygwgpq977c3l` FOREIGN KEY (`user_order_id`) REFERENCES `users` (`id`)
) ENGINE=InnoDB DEFAULT CHARSET=utf8mb4 COLLATE=utf8mb4_0900_ai_ci;
/*!40101 SET character_set_client = @saved_cs_client */;

--
-- Dumping data for table `orders`
--

LOCK TABLES `orders` WRITE;
/*!40000 ALTER TABLE `orders` DISABLE KEYS */;
INSERT INTO `orders` VALUES (267,'Bình Định','2022-06-14 22:29:38.009000','Mong giao hàng sớm','2022-06-12 12:35:34.224000','2022-06-15 16:46:56.183000','Nguyễn Hoàng Nam','Completed',386529000,266,'0123456789'),(300,NULL,NULL,NULL,'2022-06-13 15:00:08.410000',NULL,NULL,'Cart',NULL,266,NULL),(303,'Nam Định','2022-06-14 23:25:09.145000',NULL,'2022-06-13 15:26:08.771000',NULL,'Trần Thị Bảo Ngọc','Delivering',531894000,6,'0326817904'),(337,'Quảng Bình','2022-06-14 23:58:42.054000',NULL,'2022-06-14 23:48:20.085000','2022-06-15 00:26:16.870000','Nguyễn Thị Bích Phương','Completed',170874000,336,'0123456789'),(341,'Quảng Trị',NULL,NULL,'2022-06-15 14:00:14.984000',NULL,'Nguyễn Khắc Lâm','Waiting for confirmation',136884000,336,'0123456789'),(344,'Hà Tĩnh',NULL,NULL,'2022-06-15 14:11:19.364000','2022-06-15 15:29:32.682000','Lê Văn Hùng','Cancelled orders',493801000,6,'0326817904'),(348,NULL,NULL,NULL,'2022-06-15 15:51:55.128000',NULL,NULL,'Cart',NULL,6,NULL),(353,'Da Nang',NULL,'O k','2022-06-15 16:42:40.027000','2022-06-15 16:43:38.513000','Le Van Hung','Cancelled orders',6039000,352,'0312315456'),(355,'Danang','2022-06-15 16:46:23.963000','Ok','2022-06-15 16:44:00.520000','2022-06-15 16:47:27.387000','Ad','Completed',39589000,352,'0546878912'),(358,'Quảng Ninh',NULL,NULL,'2022-06-15 17:18:52.768000',NULL,'Bùi Văn An','Waiting for confirmation',118767000,336,'0326817904');
/*!40000 ALTER TABLE `orders` ENABLE KEYS */;
UNLOCK TABLES;

--
-- Table structure for table `products`
--

DROP TABLE IF EXISTS `products`;
/*!40101 SET @saved_cs_client     = @@character_set_client */;
/*!50503 SET character_set_client = utf8mb4 */;
CREATE TABLE `products` (
  `p_id` bigint NOT NULL,
  `active` bit(1) NOT NULL,
  `battery_capacity` varchar(255) DEFAULT NULL,
  `cpu` varchar(255) DEFAULT NULL,
  `design` varchar(255) DEFAULT NULL,
  `gateway` varchar(255) DEFAULT NULL,
  `gpu` varchar(255) DEFAULT NULL,
  `hard_disk_drive` varchar(255) DEFAULT NULL,
  `insights` varchar(8000) DEFAULT NULL,
  `keyboard_lights` varchar(255) DEFAULT NULL,
  `launch_date` int DEFAULT NULL,
  `monitors` varchar(255) DEFAULT NULL,
  `name` varchar(255) DEFAULT NULL,
  `operating_system` varchar(255) DEFAULT NULL,
  `ramdisk` varchar(255) DEFAULT NULL,
  `size_and_weight` varchar(255) DEFAULT NULL,
  `warranty` varchar(255) DEFAULT NULL,
  `category_c_id` bigint DEFAULT NULL,
  `manufacturer_id` bigint DEFAULT NULL,
  `price` double DEFAULT NULL,
  `image_main` varchar(255) DEFAULT NULL,
  PRIMARY KEY (`p_id`),
  UNIQUE KEY `UKo61fmio5yukmmiqgnxf8pnavn` (`name`),
  KEY `FK586v4jiag3sfqlkddibps8rau` (`category_c_id`),
  KEY `FK66j9cu8i4a1smpjx25x160hip` (`manufacturer_id`),
  CONSTRAINT `FK586v4jiag3sfqlkddibps8rau` FOREIGN KEY (`category_c_id`) REFERENCES `categories` (`c_id`),
  CONSTRAINT `FK66j9cu8i4a1smpjx25x160hip` FOREIGN KEY (`manufacturer_id`) REFERENCES `manufacturer` (`id`)
) ENGINE=InnoDB DEFAULT CHARSET=utf8mb4 COLLATE=utf8mb4_0900_ai_ci;
/*!40101 SET character_set_client = @saved_cs_client */;

--
-- Dumping data for table `products`
--

LOCK TABLES `products` WRITE;
/*!40000 ALTER TABLE `products` DISABLE KEYS */;
INSERT INTO `products` VALUES (15,_binary '','3-cell Li-ion, 48 Wh','PentiumN50301.1GHz','Vỏ nhựa','2 x USB 3.2;1 x  HDMI;1 x Jack tai nghe 3.5 mm;1 x LAN (RJ45);1 x USB Type-C','Card tích hợp Intel UHD 605','256 GB SSD NVMe PCIe','Laptop Acer TravelMate B3 TMB311 31 P49D (NX.VNFSV.005) là mẫu laptop được thiết kế dành cho các em học sinh thuộc phân khúc giá thấp với vẻ ngoài mang phong cách tối giản, bền bỉ cùng hiệu năng ổn định, phục vụ tốt cho nhu cầu học tập. Thiết kế đơn giản, chắc chắn Acer TravelMate B3 được chế tác từ chất liệu nhựa cứng cáp, trọng lượng 1.4 kg và độ dày 20.99 mm, gọn gàng để các bé đặt ở bất kỳ đâu trong không gian phòng học, phòng khách,... để học trực tuyến mà không lo chiếm quá nhiều diện tích. Đặc biệt, chiếc laptop Acer TravelMate này trang bị bàn phím có các rãnh thoát nước và dãy phím được gia công chắc chắn không thể gỡ ra được nhưng dễ thay lắp khi hư hỏng, bậc phụ huynh yên tâm khi bé lỡ làm đổ nước hay khi ngồi học một mình. Độ bền chuẩn quân đội MIL STD 810G được trang bị gia tăng độ bền của máy trước các tác động từ môi trường như nhiệt độ, bụi bẩn, rung lắc, va đập không mong muốn,... Để phục vụ tối ưu cho nhu cầu học tập của các bé, laptop hỗ trợ đầy đủ các cổng kết nối bao gồm: 2 cổng USB 3.2, Type-C, HDMI, LAN, Jack tai nghe 3.5 mm việc xuất hình ảnh hay kết nối với các thiết bị ngoại vi khác đều sẽ dễ dàng, nhanh chóng.','Không',2021,'11.6\"HD','Laptop Acer Travelmate B3','Windows 11 Home SL','4 GBDDR4 2400 MHz','Dài 295 mm - Rộng 215 mm - Dày 20.99 mm - Nặng 1.4 kg','24 Tháng',7,13,5490000,'https://firebasestorage.googleapis.com/v0/b/asmjava5.appspot.com/o/product%2F(rxnfdnbvhp)?alt=media&token=d58a00f9-23f8-4a5f-ad41-7011a51d272d'),(31,_binary '','60Wh','i711800H 2.30 GHz','Vỏ nhựa','1 x USB 3.2 (Always on); 2 x Thunderbolt; 4 x USB-C;3 x USB 3.2;1 x HDMI;1 x Jack tai nghe 3.5 mm;1 x LAN (RJ45)','Card rời RTX 3050Ti 4GB','512 GB SSD NVMe PCIe','Phong cách thiết kế độc đáo, trẻ trung cùng hiệu năng mạnh mẽ vượt trội của card màn hình NVIDIA RTX hội tụ trong chiếc laptop Lenovo Gaming Legion 5 15ITH6 i7 (82JK00FNVN) hứa hẹn sẽ cân mọi tựa game đình đám cũng như sẵn sàng hỗ trợ bạn xử lý các tác vụ nặng.Hiệu năng mạnh mẽ vượt trội cân mọi tác vụ  Đầu tiên là đến với con game bắn súng quốc dân Battlefield 1, máy vận hành mượt mà với trung bình 75 FPS. Ở đây chúng ta sẽ thấy CPU Intel Core i7 11800H hiệu năng cao chỉ phải hoạt động tầm 42% công suất, card màn hình NVIDIA RTX 3050Ti cũng chỉ hơi mạnh hơn CPU một xíu với 69% công suất.Chuyển sang tựa game đua xe mô phỏng Forza Horizon đã mang đến cho mình từng khung hình sắc nét, cảnh vật xung quanh trong thế giới game chân thật, chi tiết. Nếu bạn là fan của tựa game thế giới mở, chiếc máy sẽ làm hài lòng bạn với trung bình 90 FPS. Trong đó công suất CPU chạy ở mức 60% và GPU là 96%. Ở tựa game này theo trải nghiệm bản thân, máy cũng không quá nóng, nhiệt độ tản ra đều và không gây khó chịu. Đối với tựa game có mức đồ hoạ cao hơn thì máy vẫn cho ra một mức FPS ổn định và trơn tru.','LED đơn sắc',2021,'15.6\"Full HD 165Hz','Lenovo Gaming Legion 5','Windows 11 Home SL','16 GBDDR4 3200 MHz','Dài 362.56 mm - Rộng 260.61 mm - Dày 25.75 mm - Nặng 2.4 kg','36 Tháng',7,12,35990000,'https://firebasestorage.googleapis.com/v0/b/asmjava5.appspot.com/o/product%2F(t27i5hqjqll)?alt=media&token=e2a1fbc2-59de-4833-a5f8-0593d3a767aa'),(41,_binary '','48wh','i712700H 2.30 GHz','Vỏ nhựa - nắp lưng bằng kim loại','1x ROG XG Mobile Interface;1x USB 3.2 Gen 2 Type-C support DisplayPort / power delivery / G-SYNC;1 x Jack tai nghe 3.5 mm;1 x Thunderbolt ;4 x  USB-C USB 2.0','Card rời RTX 3050 4GB','512 GB SSD NVMe PCIe','Laptop Asus Gaming ROG Flow Z13 GZ301Z i7 (LD110W) là một trong những siêu phẩm đáng mua trong tầm giá bởi nó là sự kết hợp hoàn hảo giữa chiếc laptop gaming mỏng nhẹ, di động nhất và tablet Windows mạnh mẽ nhất.Ngoại hình cơ động, đậm chất viễn tưởng Thoạt nhìn, tưởng chừng như Asus ROG mang một diện mạo tựa như các dòng laptop Surface Procủa nhà Microsoft nhưng khi cầm em máy trên tay để ngắm nghía thì nó lại sở hữu một khí chất rất riêng, phong thái kiêu kỳ pha tí hầm hố gaming không lẫn vào đâu của Asus,điều đó làm cho Asus rất thành công trong việc thu hút ánh nhìn của người khác mỗi khi mình mang em máy này theo bên người.Ở phương diện máy tính bảng, con số 1.18 kg chưa phải là một trọng lượng nhẹ nhàng hay cân đối nhưng nếu xét ở khía cạnh máy tính xách tay, mình khá ưng ý với em ROG Flow này bởi tính di động cực cao mà hiếm có dòng laptop gaming nào qua mặt được.Bản lề của laptop được Asus làm rất cứng cáp và chắc chắn. Cạnh ngoài rìa có miếng cao su khắc chữ ROG nhỏ nhắn vừa tăng tính thẩm mỹ cho máy vừa giúp mình mở  phần chân dựng máy ra dễ dàng hơn rất nhiều. Tuy đôi lúc việc mở máy ở góc tầm 90 - 170 độ hơi khó khăn với mình nhưng nó có thể đảm bảo sự chắc chắn và an toàn cho máy thì việc\nđó hoàn toàn có thể chấp nhận được.Asus rất thích tạo điểm nhấn cho các dòng sản phẩm của mình bằng những vết cắt xén tinh tế và chiếc ROG Flow này cũng không ngoại lệ. Lần này thì những đường cắt trên thân máy của Flow Z13 lại vô cùng độc đáo khi để lộ ra 1 phần ô nhỏ chứa các bo mạch máy bên trong, kết hợp dải đèn LED RGB với nhiều màu bắt mắt, mình đã thật sự ấn tượng và bị thu hút ngay từ lần đầu tiên với phong cách thiết kế quá đẹp và đậm chất Asus như này.','LED RGB',2022,'13.4\" WUXGA 120Hz','Laptop Asus Gaming Rog Flow Z13','Windows 11 Home SL','16 GBLPDDR5 5200 MHz','Dài 302 mm - Rộng 204 mm - Dày 12 mm - Nặng 1.18 kg','24 Tháng',7,11,49490000,'https://firebasestorage.googleapis.com/v0/b/asmjava5.appspot.com/o/product%2F(8pvo6i3trao)?alt=media&token=976f2b06-2f9b-4950-b52d-76f243bf8005'),(52,_binary '','4-cell Li-ion, 57 Wh','i510500H 2.5GHz','Vỏ nhựa','2 x USB 3.2;1 x HDMI;1 x Jack tai nghe 3.5 mm;1 x LAN (RJ45); 1 x Mini DisplayPort; 1 x  USB 2.0; 2 x USB Type-C','Card rời RTX 3060 6GB','512 GB SSD NVMe PCIe','Tác chiến trên mọi chiến trường ảo một cách đầy thuận lợi cùng laptop GIGABYTE Gaming G5 i5 (5S11130SH), với kiểu dáng mạnh mẽ cùng hiệu năng tân tiến, sẵn sàng đồng hành cùng bạn ở bất kỳ đâu.Sức mạnh hiệu năng được thiết kế tối tânXử lý nhanh gọn và hiệu quả hàng loạt tác vụ văn phòng trên các ứng dụng Word, Excel,.. nhờ năng suất vượt trội của CPU Intel Core i5 Comet Lake 10500H sở hữu cấu trúc 6 nhân 12 luồng, cho tốc độ cơ bản 2.50 GHz và đạt tối đa lên đến 4.5 GHz Turbo Boost, đồng thời cho bạn trải nghiệm mọi thể loại game kịch tính như Cyberpunk 2077, FIFA, PUBG: Battlegrounds,... Đa nhiệm hơn bao giờ hết khi sở hữu bộ nhớ RAM 16 GB chuẩn DDR4 2 khe (1 khe 8 GB + 1 khe 8 GB) với tốc độ bus RAM 3200 MHz, hỗ trợ người dùng mở và vận hành nhiều ứng dụng cùng lúc, cho phép di chuyển qua lại mà không xảy ra tình trạng giật hay lag máy. Hơn thế nữa, GIGABYTE còn mang đến khả năng nâng cấp RAM tối đa lên đến 64 GB, đáp ứng mọi nhu cầu của bạn.Được sản xuất dựa trên kiến trúc Ampere tân tiến, card đồ họa rời NVIDIA GeForce RTX 3060, 6GB  cho phép người dùng thỏa sức sáng tạo với việc chỉnh sửa hình ảnh, render video,... một cách mượt mà với các ứng dụng nhà Adobe. Không những thế bạn sẽ được tận hưởng các chuyển động mượt mà trong các tựa game từ đơn giản đến phức tạp mà không xảy ra hiện tượng giật lag hay bóng ma. Không gian lưu trữ rộng lớn đến từ ổ cứng SSD 512 GB NVMe PCle, đồng thời hỗ trợ mở và vận hành máy hay các ứng dụng một cách nhanh chóng chỉ trong vài giây. Đặc biệt, người dùng có thể dễ dàng tháo lắp thay thế bằng thanh khác tối đa 1 TB, tối ưu hơn cho mọi yêu cầu từ bạn. Nâng cấp bộ nhớ dễ dàng và thuận lợi hơn nhờ laptop được thiết kế thêm khe cắm HDD SATA (nâng cấp tối đa 2 TB) và SSD M.2 PCIe mở rộng (nâng cấp tối đa 1 TB), hỗ trợ bạn làm việc và giải trí thoải mái hơn bao giờ hết.','LED RGB',2021,'15.6\"Full HD 144Hz','Laptop Gigabyte Gaming G5','Windows 10 Home SL','16 GBDDR4 3200 MHz','Dài 361 mm - Rộng 258 mm - Dày 24.9 mm - Nặng 2.2 kg','36 Tháng',7,40,24990000,'https://firebasestorage.googleapis.com/v0/b/asmjava5.appspot.com/o/product%2F(6avac2vt9r)?alt=media&token=ee802f18-54e8-4d0f-a6d2-e0bd279f4e16'),(64,_binary '','4-cell Li-ion, 57 Wh','Ryzen 55600H 3.3GHz','Vỏ nhựa','3 x USB 3.2;1 x HDMI;1 x Jack tai nghe 3.5 mm;1 x LAN (RJ45);1 x USB Type-C','Card rời GTX 1650 4GB','512 GB SSD NVMe PCIe','Phá cách với diện mạo mạnh mẽ đến từ laptop Acer Nitro 5 Gaming AN515 45 R6EV R5 5600H (NH.QBMSV.006) mang đến cho người dùng hiệu năng ổn định, hỗ trợ bạn trong mọi tác vụ hằng ngày hay chiến những trận game cực căng một cách mượt mà.Kiểu dáng nổi bật, thu hút mọi ánh nhìn Laptop Acer Nitro với tính bền bỉ vượt bậc khi được trang bị lớp vỏ nhựa chắc chắn cùng trọng lượng không quá nặng cho một chiếc laptop gaming 2.2 kg và dày 23.9 mm, sẵn sàng cùng bạn đi đến bất kỳ đâu, phục vụ tốt cho cả nhu cầu công việc hay giải trí, cho phép bạn chiến game ở khắp mọi nơi trong cuộc hành trình.Bàn phím Fullsize được thiết kế đèn nền chuyển màu RGB của laptop Acer được thiết kế tinh tế nhưng vẫn tôn lên nét mạnh mẽ của một chiếc gaming mạnh mẽ, với các phím có độ nảy tốt, cho bạn thoải mái sử dụng cả trong điều kiện ánh sáng kém mà không lo nhầm lẫn.Dọc hai bên laptop được trang bị các cổng giao tiếp thông dụng hỗ trợ tốt cho nhu cầu truyền xuất dữ liệu hay chia sẻ thông tin đến các thiết bị ngoại vi tương thích như 3 cổng USB 3.2, HDMI, Jack tai nghe 3.5 mm, LAN (RJ45) và USB Type-C.Các chuẩn kết nối không dây Bluetooth 5.0 và Wi-Fi 6 (802.11ax) cung cấp đường truyền ổn định trong suốt quá trình làm việc hay giải trí ở cả trong nhà, ngoài trời, nâng cao năng suất công việc của bạn.','LED đơn sắc',2021,'15.6\"Full HD 144Hz','Laptop Acer Nitro 5 Gaming An515','Windows 11 Home SL','8 GBDDR4 3200 MHz','Dài 363.4 mm - Rộng 255 mm - Dày 23.9 mm - Nặng 2.2 kg','48 Tháng',7,13,23990000,'https://firebasestorage.googleapis.com/v0/b/asmjava5.appspot.com/o/product%2F(f49q7ctm39d)?alt=media&token=1530e939-2041-4fc1-9858-5734804026d9'),(78,_binary '','4-cell Li-ion, 57 Wh','i711800H 2.30 GHz','Vỏ kim loại','3 x USB 3.2;1 x HDMI;1 x Jack tai nghe 3.5 mm;1 x LAN (RJ45);1 x Mini Display Port;1 x Thunderbolt;4 x USB Type-C','Card rời RTX 3070 8GB','2 TB SSD NVMe PCIe','Vươn lên tầm cao mới cùng laptop MSI Gaming GE66 Raider 11UG i7 11800H (258VN) với thiết kế độc lạ, đem đến vô vàn tính năng cao, chinh phục mọi công việc khó nhằn hay chiến đấu cực đỉnh trên mọi chiến trường game. Bức phá sức mạnh nhờ chip Intel Gen 11 Core i7 Phát huy tối đa hiệu suất trong công việc nhờ bộ vi xử lý Intel Core i7 Tiger Lake 11800H với 8 nhân 16 luồng, đạt tốc độ CPU 2.30 GHz và tối đa lên đến 4.6 GHz nhờ Turbo Boost, thỏa mãn bạn trong việc xử lý gọn nhẹ các tác vụ công việc từ văn phòng đến đồ hoạ nâng cao, chỉnh sửa hình ảnh phức tạp, kết xuất 3D,... không gì có thể cản trở hay chinh chiến đầy mạnh mẽ trong mọi trận chiến game. Nâng cấp trải nghiệm lên một tầm cao mới nhờ RAM 16 GB chuẩn DDR4 2 khe (1 khe 8 GB + 1 khe 8 GB) với tốc độ Bus RAM 3200 MHz, đem lại sự đa nhiệm ấn tượng, cho phép người dùng mở nhiều tab hay ứng dụng và chuyển đổi qua lại mà không lo giật hay lag máy. Bên cạnh đó, hỗ trợ nâng cấp RAM tối đa 64 GB, đáp ứng tối đa nhu cầu của người dùng. Xuất hiện trên các mẫu laptop mạnh nhất cho game thủ hay sáng tạo nội dung chuyên nghiệp, nhờ card đồ họa rời NVIDIA GeForce RTX 3070, 8 GB, cho những hình ảnh đồ họa chân thật, đem lại tốc độ khung hình siêu nhanh, cho phép bạn thỏa sức chiến các game thịnh hành đầy hấp dẫn như PUBG: Battlegrounds, LOL, FIFA,... hay phát triển những ý tưởng đồ họa không giới hạn cùng Lightroom, Illustrator, Photoshop,... Chuyển đổi dễ dàng giữa chế độ chỉ sử dụng card đồ họa rời (Discrete Graphics Mode) hoặc sử dụng công nghệ NVIDIA Optimus (MSHybrid Graphics Mode), đem đến hiệu năng xử lý tối đa. Hơn thế nữa, sức mạnh đồ họa được nâng cao đáng kể khi chọn chế độ Extreme mode trên phần mềm MSI Center.Tốc độ mở và vận hành máy hay các ứng dụng đáng kinh ngạc nhờ ổ cứng SSD 2 TB NVMe PCle. Đồng thời, đem đến một bộ nhớ khổng lồ, cho bạn thoải mái lưu trữ hàng loạt sản phẩm thiết kế tâm đắc, bộ phim hay tựa game yêu thích.','LED RGB',2021,'15.6\"Full HD 360Hz','Laptop Msi Gaming Ge66 Raider 11ug','Windows 10 Home SL','16 GBDDR4 3200 MHz','Dài 358 mm - Rộng 267 mm - Dày 23.4 mm - Nặng 2.38 Kg','36 Tháng',7,39,58990000,'https://firebasestorage.googleapis.com/v0/b/asmjava5.appspot.com/o/product%2F(caw802n0zf)?alt=media&token=faf0153e-9fa5-44ef-8315-fbcde20e8eda'),(102,_binary '','45 Wh','i511300H3.1GHz','Vỏ nhựa','2 x USB 3.2;1 x HDMI;1 x Jack tai nghe 3.5 mm;1 x LAN (RJ45);2 x USB Type-C','Card rời GTX 1650 4GB','512 GB SSD NVMe PCIe','Gam màu đen huyền bí cùng những chi tiết góc cạnh hầm hố làm nên chiếc laptop Lenovo IdeaPad Gaming 3 15IHU6 i5 (82K10178VN) chuẩn laptop gaming với cấu hình mạnh mẽ của chip Intel Gen 11 và card NVIDIA GTX sẽ làm hài lòng nhu cầu chơi game giải trí cho bạn.Laptop Lenovo mang trong mình CPU Intel Core i5 11300H mạnh mẽ cùng card màn hình rời NVIDIA GTX 1650 4 GB sẵn sàng cân các tựa game hiện hành: GTA V, CS:GO, LOL,... mượt mà cũng như tác vụ Office, chỉnh sửa thiết kế ảnh Adobe với hiệu suất ổn định. Laptop sở hữu RAM 8 GB mang lại khả năng đa nhiệm tốt các tác vụ nhẹ, chơi game ổn định, khuyến khích bạn nên nâng cấp RAM để máy chạy hết công suất. SSD 512 GB cho không gian lưu trữ vừa đủ, khởi động ứng dụng, máy tính nhanh. Màn hình laptop Lenovo IdeaPad Gaming có kích thước 15.6 inch cùng tần số quét 120 Hz bổ trợ cho trải nghiệm hình ảnh chơi game, hạn chế tình trạng xé hình. Tiện ích tích hợp theo máy gồm TPM 2.0 giúp bảo vệ dữ liệu thông qua mã hoá ổ cứng, công tắc khoá camera để bảo vệ camera khỏi bụi bẩn. Đèn nền bàn phím chyển màu RGB cho phép người dùng cá nhân hoá màu sắc theo sở thích. Đa dạng cổng giao tiếp: USB 3.2, LAN (RJ45), HDMI, USB Type-C,... Công nghệ Nahimic Audio cho chất âm tốt, cảm nhận chơi game đã tai, hoà mình vào thế giới ảo đầy màu sắc.','LED đơn sắc',2022,'15.6\"Full HD 120Hz','Laptop Lenovo Ideapad Gaming 3','Windows 11 Home SL','8 GBDDR4 3200 MHz','Dài 359.6 mm - Rộng 251.9 mm - Dày 24.2 mm - Nặng 2.25 kg','36 Tháng',7,12,18890000,'https://firebasestorage.googleapis.com/v0/b/asmjava5.appspot.com/o/product%2FLaptop%20Lenovo%20IdeaPad%20Gaming%203(sg8pfchgc7o)?alt=media&token=84e7d963-d69b-47eb-b2fb-239790e4baf0'),(111,_binary '','3-cell Li-ion, 48 Wh','i510300H 2.5GHz','Vỏ nhựa','1x USB 3.2 Gen 2 Type-C; 1 x support DisplayPort / power delivery / G-SYNC;2 x USB 3.2;1 x HDMI;1 x Jack tai nghe 3.5 mm; 1 x LAN (RJ45);1 x USB 2.0','Card rời GTX 1650 4GB','512 GB SSD NVMe PCIe','Với cấu hình khoẻ từ card rời NVIDIA GeForce GTX cùng một thiết kế ấn tượng, laptop Asus TUF Gaming FX506LH i5 (HN188W) sẽ mang đến nhiều trải nghiệm thú vị cho các game thủ. Sở hữu chip Intel Core i5 Comet Lake 10300H và card GeForce GTX 1650 4 GB từ nhà NVIDIA xử lý hoàn hảo mọi nhu cầu từ văn phòng đến đồ họa nặng hay thậm chí hỗ trợ bạn chiến các tựa game hấp dẫn: CS:GO, Fifa Online 4, GTA V,... Cùng RAM 8 GB và SSD 512 GB nâng cao tốc độ phản hồi, hạn chế tình trạng giật hay lag máy khi bạn mở nhiều ứng dụng cùng lúc hay chuyển đổi qua lại, tối ưu hiệu suất cho laptop. Các chuyển động diễn ra trơn tru, nắm bắt mọi khoảnh khắc trong game, giảm độ trễ nhờ tần số quét 144 Hz. Độ sáng 250 nits, chống chói Anti Glare và tấm nền IPS được trang bị trên màn hình 15.6 inch hạn chế hiện bóng gương khi cường độ ánh sáng cao, cho hiển thị rõ nét ở những chỗ điều kiện ánh sáng kém, góc nhìn được mở rộng, trải nghiệm hình ảnh sắc nét, chân thật. Laptop Asus TUF mang một ngoại hình mạnh mẽ với các đường nét tinh tế, góc cạnh cùng trọng lượng 2.3 kg, dày 24.9 mm, tạo nên chiếc laptop gaming cực cá tính, sẵn sàng đồng hành cùng bạn. Đèn nền chuyển màu RGB cũng được cài đặt trên laptop Asus không chỉ tô điểm cho không gian chiến game của bạn mà còn hỗ trợ bạn gõ phím chính xác trong những nơi thiếu sáng. Đáp ứng đa dạng cổng kết nối như: USB 3.2 Gen 2 Type-C, 2 cổng USB 3.2, HDMI, LAN (RJ45), USB 2.0 phục vụ nhu cầu truyền tải dữ liệu nhanh chóng.','LED đơn sắc',2021,'15.6\"Full HD 144Hz','Laptop Asus Tuf Gaming Fx506lh','Windows 11 Home SL','8 GBDDR4 3200 MHz','Dài 359 mm - Rộng 256 mm - Dày 24.9 mm - Nặng 2.3 kg','36 Tháng',7,11,17990000,'https://firebasestorage.googleapis.com/v0/b/asmjava5.appspot.com/o/product%2FLaptop%20Asus%20TUF%20Gaming%20FX506LH(j98ut9wrdgq)?alt=media&token=14bf2ec3-b5b8-4b47-83b8-9b8edbce2639'),(125,_binary '','3-cell Li-ion, 51 Wh','i710750H 2.6GHz','Vỏ nhựa - nắp lưng bằng kim loại','3 x USB 3.2;1 x HDMI;1 x Jack tai nghe 3.5 mm;1 x LAN (RJ45);2 x USB Type-C','Card rời GTX 1650 Max-Q 4GB','512 GB SSD NVMe PCIe','Cấu hình được thiết kế vượt trội đến từ laptop MSI Gaming GF63 Thin 10SC i7 10750H (480VN), cùng kiểu dáng gaming mạnh mẽ, là người cộng sự lý tưởng, nâng tầm mọi trải nghiệm cho người dùng. Đột phá trên mọi chiến trường ảo với hiệu năng được tối ưu Thỏa mãn người dùng với các tựa game thịnh hành đầy kịch tính hiện nay như LOL, Cyberpunk 2077, CS:GO, FIFA,... nhờ hiệu năng vượt trội đến từ bộ CPU Intel Core i7 Comet Lake 10750H sở hữu cấu trúc 6 nhân 12 luồng, cho tốc độ xung nhịp cơ bản 2.60 GHz và đạt tối đa lên đến 5.0 GHz Turbo Boost, đồng thời hỗ trợ bạn xử lý các tác vụ văn phòng một cách hiệu quả, nhanh gọn cùng các ứng dụng Word, Excel,... Đa nhiệm hơn bao giờ hết nhờ RAM 8 GB chuẩn DDR4 2 khe (1 khe 8 GB + 1 khe rời) với tốc độ bus RAM 3200 MHz, cùng khả năng nâng cấp RAM tối đa lên đến 64 GB, tối ưu hơn cho mọi nhu cầu, cho phép bạn mở và chuyển đổi giữa nhiều ứng dụng cùng lúc mà không xảy ra tình trạng giật lag, nâng cao năng suất công việc.Chiếc laptop này được trang bị card đồ họa rời GeForce GTX 1650 Max-Q Design 4 GB từ nhà NVIDIA hỗ trợ người dùng thao tác mọi hành động trong game một cách trơn tru, cùng khả năng chỉnh sửa hình ảnh, render video,... với các ứng dụng Photoshop, AI, Premiere,... tạo nên những tác phẩm ấn tượng, đầy sáng tạo.','LED đơn sắc',2021,'15.6\"Full HD 144Hz','Laptop Msi Gaming Gf63 Thin 10sc','Windows 10 Home SL','8 GBDDR4 3200 MHz','Dài 359 mm - Rộng 254 mm - Dày 21.7 mm - Nặng 1.86 kg','36 Tháng',7,39,22490000,'https://firebasestorage.googleapis.com/v0/b/asmjava5.appspot.com/o/product%2FLaptop%20MSI%20Gaming%20GF63%20Thin%2010SC(a81vx25y016)?alt=media&token=c4ced2fc-6093-49e1-9ff4-3c64dfc66964'),(138,_binary '','4-cell, 99.9 Wh','i711800H 2.30 GHz','Vỏ kim loại','3 x USB 3.2;1 x HDMI;1 x Jack tai nghe 3.5 mm;1 x LAN (RJ45);1 x Mini Display Port;1 x Thunderbolt ;4 x USB Type-C','Card rời RTX 3080 16GB','2 TB SSD NVMe PCIe','MSI Gaming GE66 Raider 11UH i7 (259VN) thuộc dòng laptop gaming cao cấp của nhà MSI, sở hữu thiết kế độc đáo với cấu hình mạnh mẽ cùng hiệu suất chơi game gần như hoàn hảo nhờ sở hữu con chip Intel Gen 11 hiện đại. Đây chắc chắn sẽ là chiếc laptop mang đến cho bạn những giây phút giải trí tuyệt vời.Sức mạnh nổi bật nhờ công nghệ tiên tiến MSI Gaming GE66 được trang bị bộ vi xử lý Intel Core i7 Tiger Lake 11800H với cấu trúc 8 nhân 16 luồng, mức xung nhịp trung bình là 2.3 GHz và đạt tối đa 4.6 GHz nhờ Turbo Boost giúp bạn hoàn thành mọi công việc một cách mượt mà nhất. Xử lý nhanh gọn các tính năng văn phòng phức tạp trên Word, Excel,... hay chỉnh sửa hình ảnh với dung lượng cao, thiết kế poster, render video,... cũng tuyệt vời không kém mà còn tiết kiệm điện năng vượt trội.RAM 32 GB tốc độ Bus RAM 3200 MHz cho hiệu năng vượt trội, khả năng đa nhiệm nhiều tác vụ cùng lúc, chơi game hay phát sóng trực tiếp đều mượt mà. Ngoài ra, bạn có thể nâng  cấp lên đến 64 GB khi có nhu cầu trải nghiệm máy ở tốc độ cao hơn nữa. Card đồ họa rời NVIDIA GeForce RTX 3080 16 GB cho bạn thoải mái chiến các tựa game hot hiện nay: Cyberpunk 2077, Valorant, CS:GO, Naraka: Bladepoint, Fifa Online 4,... ở mức cài đặt cao hay đẩy mạnh hiệu suất công việc, thỏa sức sáng tạo nội dung, kết xuất 2D, 3D, render video qua các ứng dụng Photoshop, AI, Lightroom, Pr, Figma,... Bên cạnh đó, bạn có thể tùy chỉnh, chuyển đổi card đồ họa giữa chế độ chỉ sử dụng card đồ họa rời (Discrete Graphics Mode) hay NVIDIA Optimus (MSHybrid Graphics Mode). Đồng thời, sức mạnh đồ họa còn có thể được nâng cao hơn nữa thông qua việc ép xung GPU và VRAM trên phần mềm MSI Center (khi chọn chế độ hoạt động là Extreme mode). Hơn thế nữa, MSI còn được trang bị ổ cứng SSD 2 TB NVMe PCIe hỗ trợ thêm 1 khe cắm SSD M.2 PCIe mở rộng (nâng cấp tối đa 2 TB) , cho tốc độ phản hồi nhanh chóng, đem đến không gian lưu trữ khổng lồ, cho phép người dùng thoải mái tải về mọi tài liệu, ứng dụng, bộ phim yêu thích hay các bộ game hấp dẫn. Đặc biệt, hệ thống tản nhiệt hiện đại với công nghệ độc quyền CoolerBoost 5 với 2 quạt, 	6 ống đồng cùng với 4 khe thoát khí, tối ưu hiệu suất hoạt động khi người dùng chơi game trong nhiều giờ liền, không lo tình trạng quá tải nhiệt độ.','LED RGB',2021,'15.6\"QHD 240Hz','Laptop Msi Gaming Ge66 Raider 11uh','Windows 10 Home SL','32 GBDDR4 3200 MHz','Dài 358 mm - Rộng 267 mm - Dày 23.4 mm - Nặng 2.38 Kg','36 Tháng',8,39,73990000,'https://firebasestorage.googleapis.com/v0/b/asmjava5.appspot.com/o/product%2FLaptop%20MSI%20Gaming%20GE66%20Raider%2011UH(yykvh6rpuwj)?alt=media&token=6473570f-ca02-4fb7-8088-c5c7b32c6002'),(151,_binary '','4-cell, 99.9 Wh','i711800H 2.30 GHz','Vỏ kim loại','3 x USB 3.2;1 x HDMI;1 x Jack tai nghe 3.5 mm1 x LAN (RJ45);1 x Thunderbolt;4 x USB Type-C','Card rời RTX 3070 Max-Q 8GB','2 TB SSD NVMe PCIe','Xứng danh tay chơi cự phách nơi đô thị sầm uất, laptop MSI Gaming GS66 Stealth 11UG i7 11800H (219VN) với vẻ ngoài đầy mạnh mẽ cùng sức mạnh tuyệt hảo, phát huy hiệu suất tối ưu và khả năng chiến game cực đã cùng đồng đội. Ấn tượng với vẻ ngoài sắc sảo, phá vỡ mọi giới hạn Sở hữu kiểu dáng cơ động với thiết kế đen nhám mang phong cách chân phương, cùng lớp vỏ kim loại được gia cường cứng cáp, đã mang đến một phiên bản laptop đầy mạnh mẽ, sẵn sàng trở thành người cộng sự đáng tin cậy, đáp ứng tốt mọi nhu cầu của bạn. MSI Gaming vẫn là một chiếc laptop di động, linh hoạt trong phân khúc gaming với trọng lượng chỉ 2.1 kg và độ dày 19.8 mm, đồng hành cùng bạn đến bất cứ đâu, phục vụ tốt cho các nhu cầu chơi game giải trí lẫn làm việc đầy chuyên nghiệp. Bản lề gập mở 180 độ giúp tăng độ bền cho máy hơn, đồng thời dễ dàng cho bạn chia sẽ màn hình với người khác, thỏa sức trình bày ý tưởng trong các cuộc họp. Nổi bật cá tính khi bàn phím được trang bị đèn nền chuyển màu RGB, tùy chỉnh từng phím theo sở thích, theo dõi thông số trong game qua bàn phím, thậm chí là xem đèn nền phím nhảy theo điệu nhạc, vừa tăng sự thích thú khi chiến game cùng bạn bè, vừa giúp người dùng khả năng sử dụng máy trong điều kiện thiếu sáng dễ dàng hơn.  Làm việc hay giải trí một cách hiệu quả, thú vị nhờ các cổng kết nối HDMI, Thunderbolt 4 USB-C, USB 3.2 và USB Type-C, giúp người dùng liên kết và chia sẻ thông tin với các thiết bị ngoại vi tương thích dễ dàng hơn, mở rộng không gian hiển thị trên nhiều màn hình. Được trang bị chuẩn kết nối không dây tiên tiến Wi-Fi 6E (802.11ax) và Bluetooth 5.2, vừa đảm bảo đường truyền ổn định ngay cả khi nhiều người cùng sử dụng, vừa giúp người dùng chia sẻ thông tin một cách thuận lợi.','LED RGB',2021,'15.6\"Full HD 360Hz','Laptop Msi Gaming Gs66 Stealth 11ug','Windows 10 Home SL','32 GBDDR4 3200 MHz','Dài 358.3 mm - Rộng 248 mm - Dày 19.8 mm - Nặng 2.1 Kg','36 Tháng',7,39,63990000,'https://firebasestorage.googleapis.com/v0/b/asmjava5.appspot.com/o/product%2FLaptop%20MSI%20Gaming%20GS66%20Stealth%2011UG(zuvlv5p5wrm)?alt=media&token=7ca7bc0f-cbf6-4061-bc1e-5d671cc60a9e'),(166,_binary '','4-cell Li-ion, 90 Wh','i712700H 2.30 GHz','Vỏ kim loại','3 x USB 3.2;1 x HDMI;1 x Jack tai nghe 3.5 mm;1 x LAN (RJ45);1 x Mini DisplayPort;2 x USB Type-C','Card rời RTX 3070Ti 8GB','1 TB SSD M.2 PCIe','Laptop MSI Gaming Vector GP66 12UGS i7 12700H (432VN) là thế hệ laptop gaming mới nhất được nhà MSI cho ra mắt với những đột phá về thiết kế cũng như hiệu năng, xứng danh trợ thủ đắc lực cho mọi game thủ, người dùng sáng tạo đồ hoạ - kỹ thuật. Laptop MSI Vector sở hữu CPU Core i7 12700H tân tiến nhất cùng card rời RTX 3070Ti 8 GB cho hiệu suất vượt trội, xử lý hiệu quả mọi công việc đồ hoạ khó nhằn hay những trận game kịch tính. 16 GB RAM trên laptop hỗ trợ đa nhiệm trơn tru kể cả với những tác vụ nặng, kết hợp ổ cứng SSD 1 TB giúp truy xuất dữ liệu cực nhanh, không gian lưu trữ thoải mái. Chất lượng hiển thị sắc nét, dãy màu cực rộng nhờ độ phân giải QHD (2560 x 1440) cùng công nghệ 100% DCI-P3. Laptop đồ họa - kỹ thuật này có tần số quét 165 Hz giúp tái hiện hình ảnh mượt mà trong mọi pha chuyển động nhanh. Với đèn bàn phím chuyển màu RGB độc đáo, bạn có thể cá nhân hoá từng phím trên chiếc laptop MSI theo sở thích của mình. Trang bị các cổng giao tiếp tiện lợi như USB 3.2, HDMI, USB Type-C, Mini DisplayPort,...','LED đơn sắc',2022,'15.6\"QHD 165Hz','Laptop Msi Gaming Vector Gp66 12ugs','Windows 11 Home SL','16 GBDDR4 3200 MHz','Dài 397 mm - Rộng 284 mm - Dày 25.9 mm - Nặng 2.9 kg','24 Tháng',7,39,54990000,'https://firebasestorage.googleapis.com/v0/b/asmjava5.appspot.com/o/product%2FLaptop%20MSI%20Gaming%20Vector%20GP66%2012UGS(iuf8l76nnus)?alt=media&token=dcc10fd9-100d-4346-a37e-bc5096db05d8'),(174,_binary '','4-cell Li-ion, 65 Wh','i711800H 2.30 GHz','Vỏ kim loại','3 x USB 3.2;1 x HDMI;1 x Jack tai nghe 3.5 mm;1 x LAN (RJ45);1 x Mini DisplayPort','Card rời RTX 3070 8GB','1 TB SSD M.2 PCIe','Vượt qua khỏi sự phức tạp của các thuật toán kỹ thuật, mô phỏng cơ khí hay thiết kế đồ họa chuyên nghiệp, laptop MSI Gaming Leopard GP76 11UG i7 (823VN) sở hữu phần cứng được tối ưu đến mức tối đa, dễ dàng đáp ứng mọi nhu cầu từ bạn. Sức mạnh hoàn mỹ đến từ chip Intel thế hệ 11 Thỏa mãn bạn trong mọi tác vụ từ cơ bản đến nâng cao trong các công việc văn phòng, đồ họa hay gaming một cách mượt mà khi chiếc laptop này được trang bị bộ vi xử lý Intel Core i7 Tiger Lake 11800H với 8 nhân 16 luồng, đạt tốc độ CPU 2.30 GHz và tối đa lên đến 4.6 GHz nhờ Turbo Boost, cho phép bạn bức phá mọi giới hạn, không gì có thể cản bước. Nâng tầm trải nghiệm nhờ RAM 16 GB chuẩn DDR4 2 khe (1 khe 8 GB + 1 khe 8 GB) với tốc độ Bus RAM 3200 MHz, cùng khả năng nâng cấp RAM tối đa lên đến 64 GB, cho phép người dùng làm nhiều việc cùng lúc như vừa lên ý tưởng thiết kế vừa nghe nhạc, mở nhiều ứng dụng hay hàng chục layer đồ họa và chuyển đổi qua lại một cách trơn tru, không lo xảy ra tình trạng giật lag, nâng cao hiệu suất công việc. Áp dụng kiến trúc Ampere uy tính với nhân RT, nhân Tensor tân tiến cùng đa nhân xử lý streaming, mang đến đồ họa ray-tracing chân thật nhất và các tính năng AI hiện đại, card đồ họa rời NVIDIA GeForce RTX 3070, 8 GB cho phép bạn thoải mái phát triển những ý tưởng đồ họa không giới hạn cùng Lightroom, Illustrator, Photoshop,... hay tận hưởng trọn vẹn những trận game đầy kịch tính như LOL, PUBG: Battlegrounds, FIFA,... Cho phép người dùng dễ dàng chuyển đổi giữa chế độ Discrete Graphics Mode (chỉ sử dụng card đồ họa rời) hoặc MSHybrid Graphics Mode (sử dụng công nghệ NVIDIA Optimus), cho bạn tận dụng tối đa hiệu năng của máy. Không những thế, sức mạnh của card đồ họa còn được nâng tầm đáng kể qua khả năng ép xung của GPU và VRAM khi sử bật chế độ Extreme mode trên phần mềm MSI Center. Laptop 1 TB SSD M.2 PCIe (Có thể tháo ra, lắp thanh khác tối đa 2 TB) cùng khe cắm SSD M.2 PCIe mở rộng (nâng cấp tối đa 2 TB) với băng thông cực cao cho phép máy phát huy tối đa sức mạnh, vừa mang đến không gian lưu trữ khổng lồ, vừa hỗ trợ bạn mở máy và vận hành các ứng dụng trong thời gian nhanh chóng, luôn ở trạng thái sẵn sàng cho bạn làm việc, giải trí.','LED đơn sắc',2021,'17.3\"Full HD 300Hz','Laptop Msi Gaming Leopard Gp76 11ug','Windows 10 Home SL','16 GBDDR4 3200 MHz','Dài 397 mm - Rộng 284 mm - Dày 25.9 mm - Nặng 2.9 kg','12 Tháng',7,39,51990000,'https://firebasestorage.googleapis.com/v0/b/asmjava5.appspot.com/o/product%2FLaptop%20MSI%20Gaming%20Leopard%20GP76%2011UG(i8goxn7o50c)?alt=media&token=0c204808-afc7-4180-b502-72c5d7388f3b'),(187,_binary '','3-cell, 52 Wh','i711375H 3.3GHz','Vỏ kim loại','2 x USB 3.2;1 x HDMI;1 x Jack tai nghe 3.5 mm;1 x Thunderbolt;4 x USB Type-C','Card rời RTX 3060 Max-Q 6GB','512 GB SSD NVMe PCIe','Lấy cảm hứng từ phong cách đô thị, MSI Gaming Stealth 15M A11UEK i7 (254VN) mang thiết kế gaming hiện đại, mạnh mẽ cùng bộ cấu hình vượt trội cho hiệu suất tối ưu để chiến game đỉnh cao và thiết kế đồ họa chuyên nghiệp. Đột phá mọi giới hạn với con chip Intel thế hệ 11 tân tiến Chiếc laptop MSI Gaming này sở hữu bộ CPU Intel Core i7 Tiger Lake 11375H cấu trúc 4 nhân 8 luồng, có tốc độ xung nhịp cơ bản 3.30 GHz và đạt tối đa lên đến Turbo Boost 5.0 GHz cung cấp một sức mạnh hiệu năng cực mạnh mẽ cho bạn thỏa sức chiến các tựa game hot ở mức cài đặt cao như: PUBG: Battlegrounds, Valorant, CS:GO, Fifa Online 4,... hay thiết kế đồ họa chuyên dụng cũng như cân mọi tác vụ văn phòng hàng ngày. Đa tác vụ siêu mượt mà với bộ nhớ RAM 16 GB chuẩn DDR4 2 khe (1 khe 8 GB + 1 khe 8 GB) tốc độ Bus RAM 3200 MHz cho phép người dùng thoải mái mở nhiều ứng dụng cùng lúc, vừa học tập, làm việc và giải trí mà không lo xảy ra hiện tượng giật lag, đơ máy. Ngoài ra, bạn còn có thể nâng cấp tối đa 64 GB để nâng cao trải nghiệm hơn nữa. Card đồ họa rời NVIDIA GeForce RTX 3060 Max-Q 6 GB sử dụng kiến trúc Ampere với nhân RT và nhân Tensor mới, cùng với đa nhân xử lý streaming giúp đem lại đồ họa ray-tracing siêu chân thực và các tính năng AI tân tiến nhất, mang lại tốc độ hiển thị siêu mượt cho các trận game đầy kịch tính ở mức cài đặt cao cũng như thỏa sức sáng tạo, chỉnh sửa hình ảnh 2D, 3D phức tạp, render video bằng các công cụ Lightroom, Illustrator, Photoshop, Figma, Pr,... Ổ cứng SSD 512 GB NVMe PCIe có thể tháo ra, lắp thanh khác tối đa 2 TB, giúp vận hành máy hay khởi chạy các ứng dụng một cách nhanh chóng vượt trội, đồng thời mang đến kho lưu trữ các tài liệu cá nhân, phim ảnh, file âm nhạc cũng như các tựa game yêu thích,...  Phần mềm Dragon Center độc quyền của nhà MSI giúp bạn điều chỉnh tùy biến laptop theo ý muốn của mình, theo dõi thông số hoạt động, quản lý, tùy chỉnh và tối ưu máy một cách dễ dàng, thuận tiện trên một giao diện chung thống nhất. Hệ thống tản nhiệt mạnh mẽ, hiệu quả với cụm tản nhiệt riêng cho CPU và GPU gồm 2 quạt 6 ống dẫn nhiệt, giảm thiểu hơi nóng, tối ưu luồng gió, đảm bảo mang lại hiệu năng game cao trong một thân máy nhỏ gọn.','LED đơn sắc',2021,'15.6\"Full HD 144Hz','Laptop Msi Gaming Stealth 15m A11uek','Windows 10 Home SL','16 GBDDR4 3200 MHz','Dài 358.3 mm - Rộng 248 mm - Dày 16.15 mm - Nặng 1.7 kg','36 Tháng',7,39,40990000,'https://firebasestorage.googleapis.com/v0/b/asmjava5.appspot.com/o/product%2FLaptop%20MSI%20Gaming%20Stealth%2015M%20A11UEK(mdw3l7sgb2r)?alt=media&token=594c9998-b4d6-49af-bc21-5da5d38670e3'),(201,_binary '','3 cell, 53.5 Wh','i712700H 2.30 GHz','Vỏ kim loại','2 x USB 3.2;1 x HDMI;1 x Jack tai nghe 3.5 mm;1 x LAN (RJ45);2 x USB 2.0;2 x USB Type-C','Card rời RTX 3050 4GB','512 GB SSD NVMe PCIe','Laptop MSI Creator M16 A12UC i7 (292VN) sở hữu đường nét góc cạnh, mạnh mẽ cùng hiệu năng vượt trội của dòng chip Intel thế hệ 12 sẵn sàng đưa bạn bước vào một kỉ nguyên mới của vẻ đẹp công nghệ, bức phá mọi giới hạn dành riêng cho người dùng sáng tạo. Không gian hiển thị mở khoá trí tưởng tượng vô hạn Laptop MSI được trang bị màn hình 16 inch với độ phân giải QHD+ (2560 x 1600), độ sáng 500 nits cung cấp chất lượng hình ảnh sắc nét, giúp bạn theo dõi hình ảnh rõ ràng ngay cả khi ngồi ở nơi có cường độ ánh sáng mạnh, không gian mở,... Công nghệ IPS cho góc nhìn rộng lên đến 178 độ. Khi trải nghiệm xem Youtube cùng bạn bè, ngồi ở các vị trí khác nhau nhưng màn hình vẫn hiển thị màu sắc sống động, chất lượng hình ảnh rõ nét ở mọi vị trí nhìn.  Mình đã kiểm tra chất lượng màn hình qua phần mềm Spyder 5 Pro, kết quả ấn tượng với 100% sRGB, 90% Adobe RGB, 100% DCI-P3. Với số liệu đo được, mình tin chắc đây là một trong những chiếc máy có màn hình đạt độ chân thật, chuẩn xác màu trên từng khung ảnh, điều mà tên gọi “Creator” mang nghĩa người dùng sáng tạo rất quan tâm đến. Tính năng màn hình MSI True Color cho phép bạn sử dụng thay đổi chế độ màu sắc theo nhu cầu cá nhân như: sRGB, Adobe RGB, DCI-P3,...','LED đơn sắc',2022,'16\"QHD+','Laptop Msi Creator M16 A12uc','Windows 11 Home SL','16 GBDDR4 3200 MHz','Dài 359 mm - Rộng 256 mm - Dày 23.95 mm - Nặng 2.26 kg','36 Tháng',7,39,36490000,'https://firebasestorage.googleapis.com/v0/b/asmjava5.appspot.com/o/product%2FLaptop%20MSI%20Creator%20M16%20A12UC(1ci2xpn4vze)?alt=media&token=4e466d19-a9d2-4f11-9f51-b5153354ee0b'),(209,_binary '','4-cell Li-ion, 70 Wh','i711800H2.30 GHz','Vỏ nhựa','1 x SuperSpeed USB Type-C;3 x SuperSpeed USB A;1 x HDMI;1 x Jack tai nghe 3.5 mm;1 x LAN (RJ45)','Card rời RTX 3050Ti 4GB','512 GB SSD NVMe PCIe','Laptop HP Gaming VICTUS 16 d0198TX (4R0U0PA) là chiếc laptop gaming mạnh mẽ với vẻ ngoài cá tính, sẵn sàng tác chiến cùng bạn trên mọi chiến trường ảo. CPU Intel Core i7 Tiger Lake 11800H vận hành trơn tru nhu cầu học tập, văn phòng. Card rời NVIDIA GeForce RTX3050Ti 4 GB xử lý ổn định các tác vụ đồ hoạ, biên tập video, chiến các tựa game hấp dẫn. Không gian hiển thị rộng lớn với góc nhìn rộng lên đến 178 độ trên laptop HP VICTUS nhờ kích thước màn hình 16.1 inch cùng tấm nền IPS tiên tiến. Độ sáng 250 nits và công nghệ Anti Glare hạn chế chống chói, loá ở nơi có ánh sáng mạnh. Tần số quét 144 Hz giúp hình ảnh chuyển động vô cùng chân thực, hạn chế mờ hình hay xé hình.  Laptop có lớp vỏ nhựa cứng cáp với gam màu đen nhám sang trọng. Trọng lượng 2.46 kg vẫn có thể chấp nhận được so với dòng laptop gaming, luôn sẵn sàng đồng hành cùng bạn đến bất cứ nơi đâu. Laptop HP được trang bị đèn nền đơn sắc nổi bật hỗ trợ sử dụng trong môi trường thiếu sáng. Đa nhiệm mượt mà nhờ bộ nhớ RAM 8 GB. Ổ cứng 512 GB SSD cung cấp không gian lưu trữ đủ dùng. Công nghệ Bang & Olufsen audio với âm bass bền chắc, to rõ cho bạn trọn vẹn khoảnh khắc thư giãn. Trang bị đa dạng các cổng kết nối như SuperSpeed USB Type-C, 3 x SuperSpeed USB A, HDMI và LAN (RJ45).','LED đơn sắc',2021,'16.1\"Full HD 144Hz','Laptop Hp Gaming Victus 16 D0198tx','Windows 11 Home SL','8 GBDDR4 3200 MHz','Dài 370 mm - Rộng 260 mm - Dày 23.5 mm - Nặng 2.46 kg','36 Tháng',7,14,27990000,'https://firebasestorage.googleapis.com/v0/b/asmjava5.appspot.com/o/product%2FLaptop%20HP%20Gaming%20VICTUS%2016%20d0198TX(ogllyj57cl)?alt=media&token=8dcaf474-0597-489c-9496-c45a0eb2b1d6'),(218,_binary '','60Wh','Ryzen 55600H 3.3GHz','Vỏ nhựa','1 x USB 3.2 (Always on);2 x USB Type-C;3 x USB 3.2;1 x HDMI;1 x Jack tai nghe 3.5 mm;1 x LAN (RJ45)','Card rời RTX 3050 4GB','512 GB SSD NVMe PCIe','Với phong cách thiết kế độc đáo cùng card đồ họa NVIDIA GeForce mạnh mẽ, laptop Lenovo Gaming Legion 5 15ACH6 (82JW00KLVN) đáp ứng tốt mọi tác vụ từ học tập, văn phòng nhẹ nhàng đến đồ họa, kỹ thuật chuyên sâu. Xử lý mọi nhu cầu làm việc hay giải trí cơ bản nhờ bộ vi xử lý AMD Ryzen 5 5600H, hỗ trợ bạn chiến các tựa game như CS:GO, GTA V, PUBG, LOL,... với card đồ họa rời NVIDIA GeForce RTX3050 4 GB mạnh mẽ. Bộ nhớ RAM 8 GB cho phép bạn mở hàng loạt cửa sổ ứng dụng cùng lúc, ổ cứng SSD 512 GB cùng khe cắm SSD M.2 PCIe mở rộng mang đến không gian lưu trữ tốt, đáp ứng tối đa nhu cầu công việc.  Laptop gaming có tần số quét 165 Hz cho độ trễ thấp, màn hình 100% sRGB cùng công nghệ Dolby Vision tái tạo các gam màu sắc một cách chuẩn xác, tươi mới. Laptop màn hình 15.6 inch cùng tấm nền IPS hiện đại cho góc nhìn bao quát. Độ phân giải Full HD (1920 x 1080) và công nghệ Anti Glare cung cấp chất lượng hình ảnh rõ nét, bảo vệ thị giác người xem, giảm thiểu hiện tượng chói. Laptop Lenovo Gaming Legion sở hữu thiết kế độc đáo với chiếc logo nổi bật trên lớp vỏ nhựa bền chắc, trọng lượng 2.4 kg luôn trong tư thế sẵn sàng chiến đấu bất cứ khi nào bạn cần. Máy được trang bị công tác khóa camera hiện đại. Laptop Lenovo còn trang bị đèn nền phím đơn sắc cho phép bạn làm việc hay chiến game ngay cả trong môi trường thiếu sáng. Đa dạng các cổng kết nối hiện đại được trang bị trên laptop như 1 x USB 3.2, 2 x USB Type-C, 3 x USB 3.2, HDMI và LAN (RJ45).','LED đơn sắc',2021,'15.6\"Full HD 165Hz','Laptop Lenovo Gaming Legion 5 (r5)','Windows 11 Home SL','8 GBDDR4 3200 MHz','Dài 362.56 mm - Rộng 260.61 mm - Dày 25.75 mm - Nặng 2.4 kg','36 Tháng',7,12,26090000,'https://firebasestorage.googleapis.com/v0/b/asmjava5.appspot.com/o/product%2FLaptop%20Lenovo%20Gaming%20Legion%205%20(R5)(rzxc3upkoj)?alt=media&token=c69790d3-c8bf-4da6-bc99-e08a9ec07dcb'),(226,_binary '','4-cell Li-ion, 78.5 Wh','i71165G7 2.8GHz','Vỏ kim loại nguyên khối','2 x Thunderbolt;4 x USB-C;2 x USB 3.1;1 x HDMI;1 x Jack tai nghe 3.5 mm','Card tích hợp Intel Iris Xe','512 GB SSD NVMe PCIe','Đẳng cấp và ấn tượng hơn bao giờ hết cùng laptop HP EliteBook X360 1040 G8 i7 (3G1H4PA) với thiết kế sang trọng, bản lề gập xoay 360 độ cùng khả năng vận hành và xử lý mọi tác vụ mạnh mẽ mang đến những trải nghiệm trọn vẹn, khó quên cho người dùng. Tính năng đặc biệt tạo nên nét riêng độc đáo Laptop HP EliteBook sở hữu các cạnh bo viền mềm mại cùng bản lề gập xoay linh hoạt 360 độ cho phép bạn sử dụng laptop thuận tiện trong việc chia sẻ thông tin với người đối diện mà không phải xoay chuyển hướng rườm rà. Biến đổi thành chiếc máy tính bảng nhanh chóng cùng màn hình cảm ứng và bút đi kèm, cho người dùng thoải mái sử dụng trong mọi tư thế, thỏa sức sáng tạo trong công việc. Đặc biệt, HP EliteBook X360 sở hữu màn hình chống nhìn trộm nhờ công nghệ HP Sure View đảm bảo an toàn cho thông tin của bạn khi làm việc nơi công cộng như trường học, trên máy bay,...An toàn hơn cùng bảo mật vân tay, giúp tiết kiệm tối đa thời gian mở máy nhanh chóng chỉ với một chạm và đảm bảo các dữ liệu trong máy không bị xâm phạm. Đặc biệt, máy được trang bị Camera IR hồng ngoại có khả năng nhận diện khuôn mặt nhờ công nghệ Windows Hello Face giúp bạn tiết kiệm tối ưu thời gian mở khóa.','LED đơn sắc',2021,'14\"Full HD','Laptop Hp Elitebook X360 1040 G8','Windows 10 Pro','16 GBLPDDR4X 4267 MHz','Dài 303.7 mm - Rộng 193.9 mm - Dày 16.1 mm - Nặng 1.25 kg','36 Tháng',7,14,45990000,'https://firebasestorage.googleapis.com/v0/b/asmjava5.appspot.com/o/product%2FLaptop%20HP%20EliteBook%20X360%201040%20G8(q288yxxb05p)?alt=media&token=1b3e7685-f6d3-48a7-8e7b-61ee7f6a5e2c'),(240,_binary '','4-cell Li-ion, 70 Wh','Ryzen 75800H3.2GHz','Vỏ nhựa','1x USB 3.1 Gen 1 Type-A ( HP Sleep and Charge);1x USB 3.1 Gen 1 Type-C (support Power Delivery, DisplayPort, HP Sleep and Charge);2 x USB 3.1;1 x HDMI;1 x Jack tai nghe 3.5 mm;1 x LAN (RJ45)','Card rời RTX 3050Ti 4GB','512 GB SSD NVMe PCIe','Dòng Gaming Victus là một phiên bản lột xác hoàn toàn từ thiết kế đến hiệu năng của nhà HP. Chỉ với một mức giá tầm trung là bạn có thể sở hữu ngay chiếc laptop HP Gaming VICTUS 16 e0170AX R7 (4R0U7PA) chinh phục mọi tác vụ. Diện mạo ấn tượng, mang đậm chất thể thao Phiên bản laptop HP Victus mang một thiết kế tối giản nhưng cũng không kém phần mạnh mẽ nhờ kết hợp với những đường nét góc cạnh tạo nên một tổng thể hiện đại, bắt mắt mà bạn không thể tìm thấy hay nhầm lẫn với bất kỳ dòng laptop gaming nào. Điểm nhấn của chiếc laptop này là logo Victus sáng bóng cùng chữ Victus được khắc song song khiến cho máy trở nên tinh tế, thu hút người dùng. Bởi vì là chiếc laptop gaming nên máy có trọng lượng khá nặng khoảng 2.46 kg, độ dày 23.5 mm, tuy nhiên bạn vẫn có thể bỏ vào balo và chiến game ở khắp mọi nơi. Thật ấn tượng với khe thoát nhiệt dài và rộng được đặt ngay cạnh trước mặt lưng của máy giúp máy luôn mát mẻ, hoạt động ổn định khi sử dụng với các tác vụ nặng nhờ khe tản nhiệt lớn, lượng nhiệt thoát ra nhiều hơn, nhanh hơn, ngăn chặn tình trạng nóng bàn phím hay chỗ kê tay khi làm việc. Do màn hình lớn 16.1 inch được thiết kế khá nặng và dày, còn phần bản lề thì chưa được cứng cáp để giữ cho màn hình không bị rung lắc. Đây chính là điểm yếu nhất của chiếc máy này khi thao tác mạnh. Bạn có thể thao tác trên bàn phím chuẩn xác hơn nhờ đèn đơn sắc trắng được cài đặt dưới các phím. Hành trình phím sâu, khoảng cách giữa các phím vừa phải tạo sự thoải mái khi bạn thực hiện các lệnh. Bàn phím được thiết kế Fullsize giúp bạn tính toán, nhập liệu chỉ trong tích tắc. Cùng với đó, nhà laptop HP đã trang bị khá đầy đủ các cổng kết nối như cổng USB, Type C, HDMI, Jack tai nghe và cả khe đọc thẻ nhớ SD hỗ trợ bạn kết nối các thiết bị ngoại vi như loa, màn hình, máy in,... dễ dàng hơn, tiện lợi hơn, truy xuất dữ liệu nhanh hơn.','LED đơn sắc',2021,'16.1\"Full HD 144Hz','Laptop Hp Gaming Victus 16 E0170ax','Windows 11 Home SL','8 GBDDR4 2 khe 3200 MHz','Dài 370 mm - Rộng 260 mm - Dày 23.5 mm - Nặng 2.46 kg','36 Tháng',7,14,25490000,'https://firebasestorage.googleapis.com/v0/b/asmjava5.appspot.com/o/product%2FLaptop%20HP%20Gaming%20VICTUS%2016%20e0170AX(9h2eusmo7gn)?alt=media&token=32efdf0a-fd40-49af-8819-632102d719b3'),(250,_binary '','59Wh Li-ion','i511320H3.2GHz','Vỏ kim loại','2 x USB 3.2;1 x HDMI;1 x Jack tai nghe 3.5 mm;1 x Thunderbolt;4 x USB-C','Card rời RTX 3050 4GB','512 GB SSD NVMe PCIe','Nếu bạn đang tìm một chiếc laptop đồ hoạ - kỹ thuật với hiệu năng mạnh mẽ cùng thiết kế hiện đại thì laptop Acer Swift X SFX16 51G 516Q i5 (NX.AYKSV.002 ) là sản phẩm xứng đáng để bạn lựa chọn. Laptop Acer mang một hiệu năng mạnh mẽ, xử lý mượt mà các tác vụ thiết kế đồ hoạ, render video,... trên các phần mềm Photoshop, AI, Premiere,... hay thỏa sức cho bạn sáng tạo nội dung nhờ chip Intel Core i5 Tiger Lake 11320H cùng card rời NVIDIA GeForce RTX 3050 4 GB. Laptop RAM 16 GB và SSD 512 GB cho đa nhiệm ấn tượng, khởi động máy hay mở các ứng dụng nặng nhanh chóng, rút ngắn thời gian phản hồi, tối ưu hiệu suất cho máy. Màn hình trang bị kích thước 16.1 inch kết hợp với công nghệ IPS và Acer ComfyView cho khả năng chống chói tốt, chống ánh sáng xanh, bảo vệ tốt thị giác và sức khỏe của bạn, đồng thời mang đến góc nhìn được mở rộng, hiển thị rõ nét, chân thật. Công nghệ LED Backlit và TFT cho màn hình mỏng hơn, màu sắc tươi sáng, độ tương phản tốt, toả nhiệt ít, tiết kiệm điện năng cho máy. Bộ đôi công nghệ Acer TrueHarmony và DTS Audio cho âm thanh vòm đa chiều, ít bị biến dạng giúp âm thanh to rõ, chân thực, trải nghiệm giải trí thêm phần thú vị. Laptop Acer Swift có trọng lượng 1.9 kg và dày 18.9 mm cùng lớp vỏ kim loại cứng cáp, tạo nên tổng thể hiện đại, sang trọng phù hợp mọi không gian thiết kế, dễ dàng mang đi khắp nơi. Laptop được trang bị đèn nền dưới các phím hỗ trợ bạn nhập liệu nhanh chóng, chính xác trong bóng tối. Tích hợp tính năng cảm biến vân tay mở máy nhanh chóng chỉ với một chạm và thông tin cá nhân được đảm bảo an toàn. Đa dạng cổng kết nối được sở hữu 2 cổng USB 3.2, HDMI, Thunderbolt 4 USB-C truyền tải dữ liệu dễ dàng, tiết kiệm thời gian chờ.','LED đơn sắc',2021,'16.1\"Full HD (1920 x 1080)','Laptop Acer Swift X Sfx16 51g 516q','Windows 11 Home SL','16 GBLPDDR4X 4266 MHz','Dài 367.8 mm - Rộng 236.1 mm - Dày 18.9 mm - Nặng 1.9 kg','36 Tháng',7,13,26090000,'https://firebasestorage.googleapis.com/v0/b/asmjava5.appspot.com/o/product%2FLaptop%20Acer%20Swift%20X%20SFX16%2051G%20516Q(cii6rgro7vd)?alt=media&token=7512c55d-4711-4642-942e-50d976c95dd2');
/*!40000 ALTER TABLE `products` ENABLE KEYS */;
UNLOCK TABLES;

--
-- Table structure for table `role`
--

DROP TABLE IF EXISTS `role`;
/*!40101 SET @saved_cs_client     = @@character_set_client */;
/*!50503 SET character_set_client = utf8mb4 */;
CREATE TABLE `role` (
  `id` bigint NOT NULL,
  `role_name` varchar(255) DEFAULT NULL,
  PRIMARY KEY (`id`)
) ENGINE=InnoDB DEFAULT CHARSET=utf8mb4 COLLATE=utf8mb4_0900_ai_ci;
/*!40101 SET character_set_client = @saved_cs_client */;

--
-- Dumping data for table `role`
--

LOCK TABLES `role` WRITE;
/*!40000 ALTER TABLE `role` DISABLE KEYS */;
INSERT INTO `role` VALUES (1,'ADMIN'),(2,'CLIENT'),(3,'SHIPPER');
/*!40000 ALTER TABLE `role` ENABLE KEYS */;
UNLOCK TABLES;

--
-- Table structure for table `shipper_order`
--

DROP TABLE IF EXISTS `shipper_order`;
/*!40101 SET @saved_cs_client     = @@character_set_client */;
/*!50503 SET character_set_client = utf8mb4 */;
CREATE TABLE `shipper_order` (
  `shipper_order_id` bigint NOT NULL,
  `order_o_id` bigint DEFAULT NULL,
  `shipper_user` bigint DEFAULT NULL,
  `application_time` datetime(6) DEFAULT NULL,
  `total` double DEFAULT NULL,
  `reason_rtgs` varchar(500) DEFAULT NULL,
  `reasonrtgs` varchar(255) DEFAULT NULL,
  PRIMARY KEY (`shipper_order_id`),
  KEY `FK3s7tsws1k6t0drsibs4h0rkiy` (`order_o_id`),
  KEY `FKnyp6ion32cmvqfr3svsbn1h7l` (`shipper_user`),
  CONSTRAINT `FK3s7tsws1k6t0drsibs4h0rkiy` FOREIGN KEY (`order_o_id`) REFERENCES `orders` (`o_id`),
  CONSTRAINT `FKnyp6ion32cmvqfr3svsbn1h7l` FOREIGN KEY (`shipper_user`) REFERENCES `users` (`id`)
) ENGINE=InnoDB DEFAULT CHARSET=utf8mb4 COLLATE=utf8mb4_0900_ai_ci;
/*!40101 SET character_set_client = @saved_cs_client */;

--
-- Dumping data for table `shipper_order`
--

LOCK TABLES `shipper_order` WRITE;
/*!40000 ALTER TABLE `shipper_order` DISABLE KEYS */;
INSERT INTO `shipper_order` VALUES (327,267,320,'2022-06-14 22:29:37.975000',773058,'',NULL),(334,303,320,'2022-06-14 23:25:09.129000',1063788,'',NULL),(340,337,4,'2022-06-14 23:58:42.040000',341748,'',NULL),(357,355,320,'2022-06-15 16:46:23.951000',79178,NULL,NULL);
/*!40000 ALTER TABLE `shipper_order` ENABLE KEYS */;
UNLOCK TABLES;

--
-- Table structure for table `user_role`
--

DROP TABLE IF EXISTS `user_role`;
/*!40101 SET @saved_cs_client     = @@character_set_client */;
/*!50503 SET character_set_client = utf8mb4 */;
CREATE TABLE `user_role` (
  `user_id` bigint NOT NULL,
  `role_id` bigint NOT NULL,
  PRIMARY KEY (`user_id`,`role_id`),
  KEY `FKa68196081fvovjhkek5m97n3y` (`role_id`),
  CONSTRAINT `FKa68196081fvovjhkek5m97n3y` FOREIGN KEY (`role_id`) REFERENCES `role` (`id`),
  CONSTRAINT `FKj345gk1bovqvfame88rcx7yyx` FOREIGN KEY (`user_id`) REFERENCES `users` (`id`)
) ENGINE=InnoDB DEFAULT CHARSET=utf8mb4 COLLATE=utf8mb4_0900_ai_ci;
/*!40101 SET character_set_client = @saved_cs_client */;

--
-- Dumping data for table `user_role`
--

LOCK TABLES `user_role` WRITE;
/*!40000 ALTER TABLE `user_role` DISABLE KEYS */;
INSERT INTO `user_role` VALUES (5,1),(6,2),(266,2),(336,2),(352,2),(404,2),(4,3),(320,3);
/*!40000 ALTER TABLE `user_role` ENABLE KEYS */;
UNLOCK TABLES;

--
-- Table structure for table `users`
--

DROP TABLE IF EXISTS `users`;
/*!40101 SET @saved_cs_client     = @@character_set_client */;
/*!50503 SET character_set_client = utf8mb4 */;
CREATE TABLE `users` (
  `id` bigint NOT NULL,
  `address` varchar(255) DEFAULT NULL,
  `email` varchar(255) DEFAULT NULL,
  `full_name` varchar(255) DEFAULT NULL,
  `image_url` varchar(255) DEFAULT NULL,
  `password` varchar(255) DEFAULT NULL,
  `phone_number` varchar(10) DEFAULT NULL,
  `username` varchar(255) DEFAULT NULL,
  PRIMARY KEY (`id`),
  UNIQUE KEY `UKr43af9ap4edm43mmtq01oddj6` (`username`),
  UNIQUE KEY `UK6dotkott2kjsp8vw4d0m25fb7` (`email`)
) ENGINE=InnoDB DEFAULT CHARSET=utf8mb4 COLLATE=utf8mb4_0900_ai_ci;
/*!40101 SET character_set_client = @saved_cs_client */;

--
-- Dumping data for table `users`
--

LOCK TABLES `users` WRITE;
/*!40000 ALTER TABLE `users` DISABLE KEYS */;
INSERT INTO `users` VALUES (4,NULL,'shipper12@gmail.com','Le Van Hung','https://firebasestorage.googleapis.com/v0/b/asmjava5.appspot.com/o/Avatar%2Ftlsqp7hcf6?alt=media&token=e01dc2e6-ac50-4090-b510-cc889ed12b42','$2a$10$A6K7tfVZBQrvRbWE.6Mh/.ZbFGhEGYuP/K3TrzLWZgux2AATeyh4O',NULL,'Shipper12'),(5,NULL,'admin12@gmail.com','Le Van Hung','https://firebasestorage.googleapis.com/v0/b/asmjava5.appspot.com/o/Avatar%2Ftlsqp7hcf6?alt=media&token=e01dc2e6-ac50-4090-b510-cc889ed12b42','$2a$10$JJnS7Ep2xt0BaTqnnZDH6OcGezdQboRsrn05si7PfrdCU6dh2eEyu',NULL,'Admin12'),(6,'Long An','client12@gmail.com','Le Van Hung','https://firebasestorage.googleapis.com/v0/b/asmjava5.appspot.com/o/Avatar%2Ftlsqp7hcf6?alt=media&token=e01dc2e6-ac50-4090-b510-cc889ed12b42','$2a$10$KiLkaXBPUa7EMBc.Odf1X.gaIe41VPk3/PaRN30CZWi84LfL3UBjq','123456789','Client12'),(266,NULL,'abc@gmail.com','Nguyễn Thanh Bình','https://firebasestorage.googleapis.com/v0/b/asmjava5.appspot.com/o/Avatar%2Ftlsqp7hcf6?alt=media&token=e01dc2e6-ac50-4090-b510-cc889ed12b42','$2a$10$8AK3a8Pyj482NZfCQgRazOVoMCJEl1QdZTL4BdkHPveqJOF7FW1Gu',NULL,'Client13'),(320,'Hà Nội','shipper13@gmail.com','Trần Đình Quang Huy','https://firebasestorage.googleapis.com/v0/b/asmjava5.appspot.com/o/Avatar%2Fxw3rn7m30cl?alt=media&token=4504af4b-cd52-4b81-8e79-1637f5205ebc','$2a$10$VagGgAfSmPviBPcqdqf1FusCO88jtdzWGqvQvby5JX.KgZAtSa12y','123456789','Shipper13'),(336,NULL,'client14@gmail.com.vn','Bùi Văn An','https://firebasestorage.googleapis.com/v0/b/asmjava5.appspot.com/o/Avatar%2Ftlsqp7hcf6?alt=media&token=e01dc2e6-ac50-4090-b510-cc889ed12b42','$2a$10$mTzZQ3qBTygto6Xw5oFEeOf5CY/fynWPL8sVMdT/w38vFy8txdonW',NULL,'Client14'),(352,NULL,'daminh34@gmail.com','Le Van Hung','https://firebasestorage.googleapis.com/v0/b/asmjava5.appspot.com/o/Avatar%2Ftlsqp7hcf6?alt=media&token=e01dc2e6-ac50-4090-b510-cc889ed12b42','$2a$10$nxQ0AomnxCx3/.S8ufxPAOtUymeqdBT.SSgzPQIGIa0OUgOmFU0Qy',NULL,'kakaka'),(404,'Đồng Nai','client15@gmail.com','Võ Hoàng Bình Minh','https://firebasestorage.googleapis.com/v0/b/asmjava5.appspot.com/o/Avatar%2Fp955zub9tpj?alt=media&token=85cfb304-2535-47f6-8251-becc2bd953df','$2a$10$ypIUkj7HtvjDjLU7V7CTXOXe5oTQE//nei9yBpyA1XjUCStLsAxlm','326817904','Client15');
/*!40000 ALTER TABLE `users` ENABLE KEYS */;
UNLOCK TABLES;
/*!40103 SET TIME_ZONE=@OLD_TIME_ZONE */;

/*!40101 SET SQL_MODE=@OLD_SQL_MODE */;
/*!40014 SET FOREIGN_KEY_CHECKS=@OLD_FOREIGN_KEY_CHECKS */;
/*!40014 SET UNIQUE_CHECKS=@OLD_UNIQUE_CHECKS */;
/*!40101 SET CHARACTER_SET_CLIENT=@OLD_CHARACTER_SET_CLIENT */;
/*!40101 SET CHARACTER_SET_RESULTS=@OLD_CHARACTER_SET_RESULTS */;
/*!40101 SET COLLATION_CONNECTION=@OLD_COLLATION_CONNECTION */;
/*!40111 SET SQL_NOTES=@OLD_SQL_NOTES */;

-- Dump completed on 2022-06-16 23:26:37
